-- phpMyAdmin SQL Dump
-- version 4.9.1
-- https://www.phpmyadmin.net/
--
-- Host: 127.0.0.1
-- Generation Time: Dec 02, 2019 at 06:02 AM
-- Server version: 10.4.8-MariaDB
-- PHP Version: 7.3.11

SET SQL_MODE = "NO_AUTO_VALUE_ON_ZERO";
SET AUTOCOMMIT = 0;
START TRANSACTION;
SET time_zone = "+00:00";


/*!40101 SET @OLD_CHARACTER_SET_CLIENT=@@CHARACTER_SET_CLIENT */;
/*!40101 SET @OLD_CHARACTER_SET_RESULTS=@@CHARACTER_SET_RESULTS */;
/*!40101 SET @OLD_COLLATION_CONNECTION=@@COLLATION_CONNECTION */;
/*!40101 SET NAMES utf8mb4 */;

--
-- Database: `ecom_api`
--

-- --------------------------------------------------------

--
-- Table structure for table `failed_jobs`
--

CREATE TABLE `failed_jobs` (
  `id` bigint(20) UNSIGNED NOT NULL,
  `connection` text COLLATE utf8mb4_unicode_ci NOT NULL,
  `queue` text COLLATE utf8mb4_unicode_ci NOT NULL,
  `payload` longtext COLLATE utf8mb4_unicode_ci NOT NULL,
  `exception` longtext COLLATE utf8mb4_unicode_ci NOT NULL,
  `failed_at` timestamp NOT NULL DEFAULT current_timestamp()
) ENGINE=InnoDB DEFAULT CHARSET=utf8mb4 COLLATE=utf8mb4_unicode_ci;

-- --------------------------------------------------------

--
-- Table structure for table `migrations`
--

CREATE TABLE `migrations` (
  `id` int(10) UNSIGNED NOT NULL,
  `migration` varchar(255) COLLATE utf8mb4_unicode_ci NOT NULL,
  `batch` int(11) NOT NULL
) ENGINE=InnoDB DEFAULT CHARSET=utf8mb4 COLLATE=utf8mb4_unicode_ci;

--
-- Dumping data for table `migrations`
--

INSERT INTO `migrations` (`id`, `migration`, `batch`) VALUES
(1, '2014_10_12_000000_create_users_table', 1),
(2, '2014_10_12_100000_create_password_resets_table', 1),
(3, '2019_08_19_000000_create_failed_jobs_table', 1),
(4, '2019_11_26_074259_create_products_table', 1),
(5, '2019_11_26_074337_create_reviews_table', 2),
(6, '2016_06_01_000001_create_oauth_auth_codes_table', 3),
(7, '2016_06_01_000002_create_oauth_access_tokens_table', 3),
(8, '2016_06_01_000003_create_oauth_refresh_tokens_table', 3),
(9, '2016_06_01_000004_create_oauth_clients_table', 3),
(10, '2016_06_01_000005_create_oauth_personal_access_clients_table', 3);

-- --------------------------------------------------------

--
-- Table structure for table `oauth_access_tokens`
--

CREATE TABLE `oauth_access_tokens` (
  `id` varchar(100) COLLATE utf8mb4_unicode_ci NOT NULL,
  `user_id` bigint(20) DEFAULT NULL,
  `client_id` int(10) UNSIGNED NOT NULL,
  `name` varchar(255) COLLATE utf8mb4_unicode_ci DEFAULT NULL,
  `scopes` text COLLATE utf8mb4_unicode_ci DEFAULT NULL,
  `revoked` tinyint(1) NOT NULL,
  `created_at` timestamp NULL DEFAULT NULL,
  `updated_at` timestamp NULL DEFAULT NULL,
  `expires_at` datetime DEFAULT NULL
) ENGINE=InnoDB DEFAULT CHARSET=utf8mb4 COLLATE=utf8mb4_unicode_ci;

--
-- Dumping data for table `oauth_access_tokens`
--

INSERT INTO `oauth_access_tokens` (`id`, `user_id`, `client_id`, `name`, `scopes`, `revoked`, `created_at`, `updated_at`, `expires_at`) VALUES
('40ead4c3c4f43fc1e104d3e360babf09e6be429dfd8ce5491c5864a57cebc0ee74483dc9786e6d7a', 1, 2, NULL, '[]', 0, '2019-11-26 07:03:15', '2019-11-26 07:03:15', '2020-11-26 12:03:15');

-- --------------------------------------------------------

--
-- Table structure for table `oauth_auth_codes`
--

CREATE TABLE `oauth_auth_codes` (
  `id` varchar(100) COLLATE utf8mb4_unicode_ci NOT NULL,
  `user_id` bigint(20) NOT NULL,
  `client_id` int(10) UNSIGNED NOT NULL,
  `scopes` text COLLATE utf8mb4_unicode_ci DEFAULT NULL,
  `revoked` tinyint(1) NOT NULL,
  `expires_at` datetime DEFAULT NULL
) ENGINE=InnoDB DEFAULT CHARSET=utf8mb4 COLLATE=utf8mb4_unicode_ci;

-- --------------------------------------------------------

--
-- Table structure for table `oauth_clients`
--

CREATE TABLE `oauth_clients` (
  `id` int(10) UNSIGNED NOT NULL,
  `user_id` bigint(20) DEFAULT NULL,
  `name` varchar(255) COLLATE utf8mb4_unicode_ci NOT NULL,
  `secret` varchar(100) COLLATE utf8mb4_unicode_ci DEFAULT NULL,
  `redirect` text COLLATE utf8mb4_unicode_ci NOT NULL,
  `personal_access_client` tinyint(1) NOT NULL,
  `password_client` tinyint(1) NOT NULL,
  `revoked` tinyint(1) NOT NULL,
  `created_at` timestamp NULL DEFAULT NULL,
  `updated_at` timestamp NULL DEFAULT NULL
) ENGINE=InnoDB DEFAULT CHARSET=utf8mb4 COLLATE=utf8mb4_unicode_ci;

--
-- Dumping data for table `oauth_clients`
--

INSERT INTO `oauth_clients` (`id`, `user_id`, `name`, `secret`, `redirect`, `personal_access_client`, `password_client`, `revoked`, `created_at`, `updated_at`) VALUES
(1, NULL, 'Laravel Personal Access Client', 'yl1g00AuSoJhmZ51AyR7b2i8s7BYkKi1cliAY4ha', 'http://localhost', 1, 0, 0, '2019-11-26 06:28:09', '2019-11-26 06:28:09'),
(2, NULL, 'Laravel Password Grant Client', 'X3c7SIj6PlYqkqPRi0P7BMLTfm0JB8RKTx1Fccco', 'http://localhost', 0, 1, 0, '2019-11-26 06:28:09', '2019-11-26 06:28:09');

-- --------------------------------------------------------

--
-- Table structure for table `oauth_personal_access_clients`
--

CREATE TABLE `oauth_personal_access_clients` (
  `id` int(10) UNSIGNED NOT NULL,
  `client_id` int(10) UNSIGNED NOT NULL,
  `created_at` timestamp NULL DEFAULT NULL,
  `updated_at` timestamp NULL DEFAULT NULL
) ENGINE=InnoDB DEFAULT CHARSET=utf8mb4 COLLATE=utf8mb4_unicode_ci;

--
-- Dumping data for table `oauth_personal_access_clients`
--

INSERT INTO `oauth_personal_access_clients` (`id`, `client_id`, `created_at`, `updated_at`) VALUES
(1, 1, '2019-11-26 06:28:09', '2019-11-26 06:28:09');

-- --------------------------------------------------------

--
-- Table structure for table `oauth_refresh_tokens`
--

CREATE TABLE `oauth_refresh_tokens` (
  `id` varchar(100) COLLATE utf8mb4_unicode_ci NOT NULL,
  `access_token_id` varchar(100) COLLATE utf8mb4_unicode_ci NOT NULL,
  `revoked` tinyint(1) NOT NULL,
  `expires_at` datetime DEFAULT NULL
) ENGINE=InnoDB DEFAULT CHARSET=utf8mb4 COLLATE=utf8mb4_unicode_ci;

--
-- Dumping data for table `oauth_refresh_tokens`
--

INSERT INTO `oauth_refresh_tokens` (`id`, `access_token_id`, `revoked`, `expires_at`) VALUES
('94a979e5ffa3f79608395704059d20b2bc7c208c3220b44568df6ab4abb683d5912a55245e381f4e', '40ead4c3c4f43fc1e104d3e360babf09e6be429dfd8ce5491c5864a57cebc0ee74483dc9786e6d7a', 0, '2020-11-26 12:03:15');

-- --------------------------------------------------------

--
-- Table structure for table `password_resets`
--

CREATE TABLE `password_resets` (
  `email` varchar(255) COLLATE utf8mb4_unicode_ci NOT NULL,
  `token` varchar(255) COLLATE utf8mb4_unicode_ci NOT NULL,
  `created_at` timestamp NULL DEFAULT NULL
) ENGINE=InnoDB DEFAULT CHARSET=utf8mb4 COLLATE=utf8mb4_unicode_ci;

-- --------------------------------------------------------

--
-- Table structure for table `products`
--

CREATE TABLE `products` (
  `id` int(10) UNSIGNED NOT NULL,
  `name` varchar(255) COLLATE utf8mb4_unicode_ci NOT NULL,
  `detail` text COLLATE utf8mb4_unicode_ci NOT NULL,
  `price` int(11) NOT NULL,
  `stock` int(11) NOT NULL,
  `discount` int(11) NOT NULL,
  `created_at` timestamp NULL DEFAULT NULL,
  `updated_at` timestamp NULL DEFAULT NULL
) ENGINE=InnoDB DEFAULT CHARSET=utf8mb4 COLLATE=utf8mb4_unicode_ci;

--
-- Dumping data for table `products`
--

INSERT INTO `products` (`id`, `name`, `detail`, `price`, `stock`, `discount`, `created_at`, `updated_at`) VALUES
(1, 'consequatur', 'Dolor praesentium corporis dolores laboriosam ut magnam. Qui qui occaecati vitae cupiditate ut earum. Rerum et vel omnis eaque natus. Esse non perspiciatis aut vero eum.', 374, 9, 11, '2019-11-26 04:01:19', '2019-11-26 04:01:19'),
(2, 'deleniti', 'Voluptatibus id necessitatibus modi doloremque labore ut. Tempora alias cum quaerat modi est et. Natus dicta praesentium illo sapiente sint architecto et.', 716, 7, 5, '2019-11-26 04:01:19', '2019-11-26 04:01:19'),
(3, 'sit', 'Tenetur quis possimus qui eos hic. Consectetur ducimus molestiae quod ea eveniet qui. Vitae reiciendis molestias omnis accusamus nulla.', 428, 6, 13, '2019-11-26 04:01:19', '2019-11-26 04:01:19'),
(4, 'nihil', 'Sit enim repudiandae iure praesentium. Illum dolore qui odio deserunt provident. Adipisci debitis assumenda enim labore culpa.', 683, 2, 29, '2019-11-26 04:01:19', '2019-11-26 04:01:19'),
(5, 'corporis', 'Dolores harum ipsum veniam sit. Quaerat explicabo et est nesciunt cupiditate voluptatem est. Laudantium necessitatibus vel illo aliquam cum.', 961, 2, 16, '2019-11-26 04:01:19', '2019-11-26 04:01:19'),
(6, 'omnis', 'Optio quod expedita molestiae officiis. Distinctio labore ut facilis aut minus veniam. Placeat inventore quae omnis doloribus corporis.', 754, 0, 18, '2019-11-26 04:01:19', '2019-11-26 04:01:19'),
(7, 'beatae', 'Et deleniti magnam amet vitae doloribus. Fugiat saepe quibusdam animi at quam sint. Quibusdam non omnis vel facere natus qui. Architecto et quis tenetur maxime repudiandae sint.', 187, 1, 12, '2019-11-26 04:01:19', '2019-11-26 04:01:19'),
(8, 'reiciendis', 'Quis omnis magnam officiis. Quia officiis ut pariatur quia corrupti labore delectus. Necessitatibus rerum atque molestiae voluptatem voluptatibus magnam. Ex et nam tempore et. Cupiditate quibusdam aperiam sit.', 519, 4, 10, '2019-11-26 04:01:19', '2019-11-26 04:01:19'),
(9, 'vitae', 'Sunt sequi suscipit dolorem veritatis atque. Reiciendis quas dignissimos delectus sit consectetur eaque voluptas. Ut sit harum iste accusantium et tempora facere.', 718, 2, 27, '2019-11-26 04:01:19', '2019-11-26 04:01:19'),
(10, 'enim', 'Cumque non similique voluptatem velit magni reiciendis. Reiciendis deserunt nulla modi eius. Molestiae animi neque quas et ut quos assumenda.', 516, 2, 9, '2019-11-26 04:01:19', '2019-11-26 04:01:19'),
(11, 'blanditiis', 'Temporibus vel quae velit. Ea ea magni exercitationem dolorum odit vero maiores non. Qui ab quia aut rerum nam. Voluptatem sequi provident eum et cupiditate non expedita quis. Id aut nihil enim et numquam.', 244, 9, 16, '2019-11-26 04:01:19', '2019-11-26 04:01:19'),
(12, 'et', 'Doloribus adipisci pariatur eum vel ipsum qui voluptatem. Sint quia quae soluta debitis odio dolorem at. Non delectus magnam velit itaque repudiandae ut.', 368, 4, 25, '2019-11-26 04:01:19', '2019-11-26 04:01:19'),
(13, 'incidunt', 'Omnis minima delectus et suscipit et. Earum et rerum quos. Accusantium magnam occaecati omnis pariatur.', 785, 6, 16, '2019-11-26 04:01:19', '2019-11-26 04:01:19'),
(14, 'similique', 'Sit possimus et non suscipit maxime accusamus. Sed ut enim nemo tempore excepturi hic. Quod voluptas magni et labore et ullam. Earum quae quibusdam mollitia vero quos et voluptatum est.', 914, 9, 8, '2019-11-26 04:01:19', '2019-11-26 04:01:19'),
(15, 'non', 'Repellendus fugiat reprehenderit illo dignissimos. Consectetur in omnis nihil mollitia commodi. Error quis ipsam accusantium sapiente voluptatem id.', 638, 6, 17, '2019-11-26 04:01:19', '2019-11-26 04:01:19'),
(16, 'recusandae', 'Fugit rerum dolorem saepe earum id perferendis officiis. Fuga sit quas quis. Sit sit qui voluptatem ea eos et doloremque. Consectetur ullam cum nam vel velit.', 546, 2, 13, '2019-11-26 04:01:19', '2019-11-26 04:01:19'),
(17, 'quia', 'Accusantium labore animi voluptas voluptatem praesentium sit. Consequatur ipsam esse recusandae fugit corporis.', 971, 4, 20, '2019-11-26 04:01:19', '2019-11-26 04:01:19'),
(18, 'ratione', 'Nesciunt et beatae sed harum aperiam et. Distinctio distinctio aliquam molestiae et omnis ea fugit. Recusandae ut quia enim corrupti asperiores consequatur.', 377, 3, 23, '2019-11-26 04:01:19', '2019-11-26 04:01:19'),
(19, 'et', 'Quas quae aut deleniti eum. Omnis vitae vero id. Qui culpa nihil voluptatem quos harum deserunt nisi.', 745, 5, 16, '2019-11-26 04:01:19', '2019-11-26 04:01:19'),
(20, 'enim', 'Et laboriosam et deleniti quia voluptas. Qui quam quam dignissimos facilis ducimus. Neque dignissimos aut aperiam. Quia nostrum corrupti soluta voluptas.', 803, 4, 14, '2019-11-26 04:01:19', '2019-11-26 04:01:19'),
(21, 'repudiandae', 'Aut in quis veniam dolorum. Quod sed voluptatem sed expedita ut. Provident est rem occaecati id quasi quibusdam.', 813, 6, 14, '2019-11-26 04:01:19', '2019-11-26 04:01:19'),
(22, 'ducimus', 'Rem autem veniam aliquam quas ex odio est. Voluptatem illo rerum delectus nihil earum tempore voluptas totam. Sapiente aliquid ab dolore inventore harum consectetur quia animi.', 566, 7, 22, '2019-11-26 04:01:19', '2019-11-26 04:01:19'),
(23, 'quis', 'Qui voluptatibus cumque aut praesentium laboriosam. Consequuntur autem minus eligendi aut. Dicta temporibus molestias repellendus ea doloremque molestias.', 486, 0, 8, '2019-11-26 04:01:20', '2019-11-26 04:01:20'),
(24, 'est', 'Voluptatem tempora quas nulla. Corporis optio voluptas corporis. Culpa consequatur omnis ut eos voluptatem. Magnam natus debitis velit sit doloremque.', 249, 4, 24, '2019-11-26 04:01:20', '2019-11-26 04:01:20'),
(25, 'vero', 'Quae voluptatibus inventore in dolores dolore. Maiores amet harum at excepturi debitis et voluptatem.', 168, 3, 29, '2019-11-26 04:01:20', '2019-11-26 04:01:20'),
(26, 'at', 'Rem sunt porro quia animi. Quae consequatur molestiae aut vel beatae. Distinctio odit eos sed non occaecati quia odit. Ut placeat rerum modi neque.', 739, 2, 9, '2019-11-26 04:01:20', '2019-11-26 04:01:20'),
(27, 'natus', 'Iure dolorem omnis maiores architecto rerum et voluptas possimus. Ut velit et deserunt molestias alias autem animi. Qui id provident omnis quo.', 716, 7, 15, '2019-11-26 04:01:20', '2019-11-26 04:01:20'),
(28, 'error', 'Totam nobis officia quibusdam veniam. Optio quidem quia vitae in id quia. Ut aut iste et quia.', 854, 4, 18, '2019-11-26 04:01:20', '2019-11-26 04:01:20'),
(29, 'quidem', 'Et nostrum quo omnis vero id deserunt vel. Quibusdam excepturi amet nam sit repellendus et dolorum. Doloribus ipsum aut sapiente beatae eum quos rerum.', 867, 8, 28, '2019-11-26 04:01:20', '2019-11-26 04:01:20'),
(30, 'id', 'At deserunt voluptatem similique voluptas dolore aut aliquid. Quia in officiis similique natus amet odio. Praesentium autem qui consequatur laborum maiores dolorum.', 565, 3, 17, '2019-11-26 04:01:20', '2019-11-26 04:01:20'),
(31, 'sit', 'Id saepe qui magnam id sapiente aspernatur est. Aperiam consequatur dolore pariatur eos repellendus et iure. Explicabo quia enim suscipit dolorum.', 457, 2, 15, '2019-11-26 04:01:20', '2019-11-26 04:01:20'),
(32, 'non', 'Et quasi aut molestias soluta distinctio magnam. Vero nemo velit quam aperiam. Eaque mollitia est labore totam voluptas veritatis. Et laboriosam id veritatis error vel nihil.', 227, 2, 30, '2019-11-26 04:01:20', '2019-11-26 04:01:20'),
(33, 'maxime', 'Ab voluptatem et quia. Vel in sit laboriosam labore sed explicabo eligendi. Excepturi magnam velit sed a natus officiis quia. Delectus ab totam tempora harum.', 150, 0, 21, '2019-11-26 04:01:20', '2019-11-26 04:01:20'),
(34, 'dolor', 'Libero sint sapiente dolores voluptas. Culpa dolorum est dolores dolorem. At voluptas ut aut aut ipsa culpa. Amet eos sed quibusdam omnis odit soluta molestiae.', 179, 9, 2, '2019-11-26 04:01:20', '2019-11-26 04:01:20'),
(35, 'consequuntur', 'Natus iste sint sed ea ad. Perspiciatis ea possimus omnis autem. Qui qui quia labore eos magni ea adipisci.', 557, 6, 9, '2019-11-26 04:01:20', '2019-11-26 04:01:20'),
(36, 'ab', 'Eveniet quo illum voluptatem aut enim quasi est sint. Sed sit quibusdam et et saepe omnis ut. Et voluptatem et facilis eum.', 394, 0, 14, '2019-11-26 04:01:20', '2019-11-26 04:01:20'),
(37, 'iure', 'Expedita qui consectetur et iusto alias. Illo rerum recusandae qui natus non at delectus. Architecto adipisci aliquam dolorum dolorem. Molestiae eum rerum culpa nihil ex eos velit.', 489, 0, 13, '2019-11-26 04:01:20', '2019-11-26 04:01:20'),
(38, 'voluptatem', 'Totam dignissimos dolorum iste rem. Recusandae et cumque natus eum totam asperiores perferendis. Maxime aspernatur in voluptatem aut.', 290, 8, 19, '2019-11-26 04:01:20', '2019-11-26 04:01:20'),
(39, 'libero', 'Qui corporis omnis autem quasi dolores eos. Voluptatem voluptas libero aut et molestiae sit. Vero sit atque illo est rerum atque expedita. Est fugit ipsum unde ut dolores omnis. Non fugit id aut praesentium.', 732, 3, 18, '2019-11-26 04:01:20', '2019-11-26 04:01:20'),
(40, 'non', 'In aut ipsum tenetur quam aut cum sunt. Qui dolor error eos officiis nisi in. Error at nam qui magni iure libero.', 992, 5, 6, '2019-11-26 04:01:20', '2019-11-26 04:01:20'),
(41, 'velit', 'Laboriosam eos voluptatem voluptas animi. Labore deserunt porro est itaque vitae ut. Aut aut quos consequuntur repudiandae eos nam iure.', 462, 6, 8, '2019-11-26 04:01:20', '2019-11-26 04:01:20'),
(42, 'et', 'Velit unde vitae quae autem. Veritatis sint magnam quis cumque vitae praesentium. Facere provident dicta praesentium vel.', 290, 4, 10, '2019-11-26 04:01:20', '2019-11-26 04:01:20'),
(43, 'magni', 'Hic accusantium perspiciatis sapiente nostrum consequuntur. Officiis quisquam earum accusamus reiciendis officiis delectus. Eos dicta assumenda voluptatem ut laudantium et.', 143, 1, 24, '2019-11-26 04:01:20', '2019-11-26 04:01:20'),
(44, 'placeat', 'Porro nulla omnis nam minus suscipit doloremque ullam cum. Dicta aut possimus laudantium repellat sed doloribus quaerat architecto. Ducimus laudantium similique ratione.', 272, 6, 18, '2019-11-26 04:01:20', '2019-11-26 04:01:20'),
(45, 'non', 'Placeat sint tenetur est incidunt et. Quia animi nam et nesciunt eveniet. Accusamus asperiores possimus veniam neque.', 827, 2, 10, '2019-11-26 04:01:20', '2019-11-26 04:01:20'),
(46, 'itaque', 'Autem recusandae possimus placeat velit possimus. Omnis quia eaque ut explicabo quae ipsam. Assumenda dolor repudiandae enim dolor earum quo rerum alias.', 432, 3, 24, '2019-11-26 04:01:20', '2019-11-26 04:01:20'),
(47, 'velit', 'Quo non corrupti labore quia est. Occaecati mollitia sunt omnis consequatur officiis assumenda. Aperiam numquam quibusdam et temporibus.', 654, 6, 25, '2019-11-26 04:01:20', '2019-11-26 04:01:20'),
(48, 'et', 'Laboriosam neque quod nostrum corporis molestiae cumque. Deserunt maiores velit neque placeat. Aliquid quo quis sed quasi quia cumque. Unde qui iusto architecto et aut voluptatem sit.', 405, 9, 3, '2019-11-26 04:01:20', '2019-11-26 04:01:20'),
(49, 'et', 'Enim distinctio repellat laudantium ut molestias. Consectetur rerum cum repudiandae nemo assumenda incidunt quae. Quidem est explicabo eum voluptas id.', 645, 2, 5, '2019-11-26 04:01:20', '2019-11-26 04:01:20'),
(50, 'molestiae', 'Aut numquam aperiam quia necessitatibus et consequatur corrupti. Accusantium odit eveniet consequatur exercitationem molestiae molestias. Dolores optio doloribus doloremque ut mollitia rerum accusantium. Deserunt ipsum non necessitatibus tempora sit.', 793, 1, 21, '2019-11-26 04:01:20', '2019-11-26 04:01:20'),
(51, 'Phone updated', 'Upda222ted Dolor praesentium corporis dolores laboriosam ut magnam. Qui qui occaecati vitae cupiditate ut earum. Rerum et vel omnis eaque natus. Esse non perspiciatis aut vero eum.', 241, 31, 20, '2019-11-26 07:39:06', '2019-11-29 07:13:31'),
(52, 'Laptop', 'Dolor praesentium corporis dolores laboriosam ut magnam. Qui qui occaecati vitae cupiditate ut earum. Rerum et vel omnis eaque natus. Esse non perspiciatis aut vero eum.', 232, 11, 23, '2019-11-26 07:42:08', '2019-11-26 07:42:08');

-- --------------------------------------------------------

--
-- Table structure for table `reviews`
--

CREATE TABLE `reviews` (
  `id` int(10) UNSIGNED NOT NULL,
  `product_id` int(10) UNSIGNED NOT NULL,
  `customer` varchar(255) COLLATE utf8mb4_unicode_ci NOT NULL,
  `review` text COLLATE utf8mb4_unicode_ci NOT NULL,
  `star` int(11) NOT NULL,
  `created_at` timestamp NULL DEFAULT NULL,
  `updated_at` timestamp NULL DEFAULT NULL
) ENGINE=InnoDB DEFAULT CHARSET=utf8mb4 COLLATE=utf8mb4_unicode_ci;

--
-- Dumping data for table `reviews`
--

INSERT INTO `reviews` (`id`, `product_id`, `customer`, `review`, `star`, `created_at`, `updated_at`) VALUES
(1, 14, 'Mckenzie Carroll', 'Sunt voluptas voluptatem laboriosam id illo maiores itaque aut. Ut a velit alias aut maxime nisi. Quas et facilis magnam iure sapiente.', 3, '2019-11-26 04:01:21', '2019-11-26 04:01:21'),
(2, 10, 'River Feil', 'Sed odit qui incidunt voluptatum rerum itaque quo. Accusantium molestiae eos reiciendis aperiam ut aut nihil tempora. Dolorem et sunt id ducimus aut quibusdam adipisci nemo. Sint fugiat corrupti maxime.', 4, '2019-11-26 04:01:21', '2019-11-26 04:01:21'),
(3, 40, 'Lesley Harris', 'Qui voluptate harum eum. Et quia molestiae ullam. Iusto mollitia eius aut et delectus deleniti mollitia rerum. Quia praesentium eaque harum dicta aut quod.', 0, '2019-11-26 04:01:21', '2019-11-26 04:01:21'),
(4, 50, 'Aron McClure', 'Perferendis rerum quisquam sint similique. Sunt voluptatem eum architecto molestiae sapiente soluta quaerat. Veniam repudiandae veniam iusto dignissimos et id consectetur.', 0, '2019-11-26 04:01:21', '2019-11-26 04:01:21'),
(5, 36, 'Prof. Julie Stamm', 'Soluta optio minus illum rem odio laboriosam. Nam eum eum itaque eligendi dolorum dignissimos laudantium. Libero molestiae laborum et error qui dolor. Possimus eum optio eius est eius et non enim.', 0, '2019-11-26 04:01:21', '2019-11-26 04:01:21'),
(6, 27, 'Janice Dibbert DDS', 'Voluptatem asperiores dolore sint labore qui aut et. Occaecati ad qui nihil. Hic quaerat maiores ut eius vero non repudiandae ipsa. Sint est corporis aut deleniti. Occaecati distinctio impedit illum ut voluptate possimus qui placeat.', 4, '2019-11-26 04:01:21', '2019-11-26 04:01:21'),
(7, 43, 'Missouri Hodkiewicz', 'Et ut illo voluptatum expedita et sapiente et. Dolorem possimus libero recusandae. Perspiciatis esse esse non minima id et necessitatibus. Eum quos omnis quibusdam eveniet sint nisi.', 3, '2019-11-26 04:01:21', '2019-11-26 04:01:21'),
(8, 32, 'Emma Jast', 'Saepe voluptate illo qui qui cumque cupiditate veritatis. Ratione est aperiam rem modi libero maiores. Rerum sed alias ratione est.', 2, '2019-11-26 04:01:21', '2019-11-26 04:01:21'),
(9, 16, 'Velda Keeling', 'Quia sint unde expedita officia distinctio minus. Omnis id sit iste aut corrupti. Autem recusandae eius quo molestias neque ut et. Fugiat dolores porro natus consequuntur est explicabo.', 0, '2019-11-26 04:01:21', '2019-11-26 04:01:21'),
(10, 20, 'Dr. Melvina Schamberger I', 'Magnam praesentium vitae qui numquam qui. Atque debitis expedita rerum similique sit. Fugit dolorem qui asperiores dolore facere magnam qui aut.', 3, '2019-11-26 04:01:21', '2019-11-26 04:01:21'),
(11, 2, 'Dolores Feeney', 'Provident pariatur ut placeat praesentium quisquam deserunt. Explicabo est id est sint dolor inventore eveniet. Explicabo eligendi neque rem occaecati.', 3, '2019-11-26 04:01:21', '2019-11-26 04:01:21'),
(12, 39, 'Remington Bechtelar', 'Commodi omnis repellendus voluptatibus et modi quisquam. Quas cumque aut reiciendis dicta repudiandae.', 4, '2019-11-26 04:01:21', '2019-11-26 04:01:21'),
(13, 29, 'Mr. Bertrand Kuphal', 'Quis quo omnis ducimus cumque voluptate amet officia. Ut sed illum sit tenetur. Eligendi voluptas et debitis deleniti. Ut sint amet corrupti culpa.', 1, '2019-11-26 04:01:21', '2019-11-26 04:01:21'),
(14, 25, 'Mr. Wellington Vandervort', 'Facere et aut nobis a. Ipsam sint architecto quibusdam voluptatem porro est autem voluptas. Odio esse ea ut odio tenetur error.', 5, '2019-11-26 04:01:21', '2019-11-26 04:01:21'),
(15, 10, 'Iva Carroll', 'Harum architecto illo sint voluptates dolor exercitationem reprehenderit. Aut nostrum et quia odio eligendi. Doloremque porro praesentium quidem rerum necessitatibus dolorem.', 2, '2019-11-26 04:01:21', '2019-11-26 04:01:21'),
(16, 7, 'Hassan Hane DVM', 'Quia optio asperiores quaerat facere. Libero modi assumenda mollitia consequuntur autem ullam quae aut. Recusandae ut accusamus a magnam omnis et. Molestiae ea qui eos sequi sed.', 3, '2019-11-26 04:01:21', '2019-11-26 04:01:21'),
(17, 1, 'Alexandria Breitenberg', 'Quo placeat eligendi facere ipsa. Id velit ipsa quidem enim. Magni sint provident eius animi inventore quia.', 3, '2019-11-26 04:01:21', '2019-11-26 04:01:21'),
(18, 39, 'Alanis Tillman', 'Distinctio amet perspiciatis totam. Cum dolore cum reiciendis consequatur. Velit nihil voluptas ipsa non aliquam et quam voluptatibus. Enim sed ut accusantium sed omnis velit cumque.', 1, '2019-11-26 04:01:21', '2019-11-26 04:01:21'),
(19, 13, 'Jean Ruecker', 'Iste cum numquam reiciendis voluptatibus iste debitis. Consequuntur id laudantium eum ducimus sit. Debitis et numquam ipsam fugit sit nobis assumenda.', 5, '2019-11-26 04:01:21', '2019-11-26 04:01:21'),
(20, 29, 'Prof. Candice Stokes DVM', 'Similique voluptate voluptatem quo veniam ad. Voluptatem et voluptatum dolorem sed provident. Perferendis quo corrupti vel et et voluptate ad beatae. Sequi veniam laboriosam sed non quo sint iste.', 5, '2019-11-26 04:01:21', '2019-11-26 04:01:21'),
(21, 9, 'Andreanne Lindgren MD', 'Repudiandae itaque dignissimos consequuntur sit sit qui maxime. Et dolores exercitationem aut consequatur enim ea. Dignissimos et eos sapiente ut eum dolor blanditiis. Repellendus adipisci et doloremque minus explicabo.', 2, '2019-11-26 04:01:21', '2019-11-26 04:01:21'),
(22, 14, 'Harold Ryan', 'Eligendi quaerat aut et accusantium exercitationem. Laborum sed harum aliquam. Consequatur voluptatem accusantium dolor distinctio amet.', 1, '2019-11-26 04:01:21', '2019-11-26 04:01:21'),
(23, 11, 'Myrtis Erdman', 'Expedita vero laboriosam quo accusamus delectus. Qui soluta aut quis amet aliquam omnis odio eaque.', 4, '2019-11-26 04:01:21', '2019-11-26 04:01:21'),
(24, 4, 'Nigel Goodwin', 'Magnam quos minima iusto harum minima cupiditate qui delectus. Nisi corrupti porro voluptas omnis fugiat sit velit. Maxime et et consectetur ipsum. Id sit nobis magnam sapiente et.', 1, '2019-11-26 04:01:21', '2019-11-26 04:01:21'),
(25, 3, 'Reginald Reilly', 'Id nobis consequatur magnam voluptas. Dolores dolorem voluptates ut atque. Enim ea itaque doloremque est sit. Occaecati sed vel fuga quo.', 1, '2019-11-26 04:01:21', '2019-11-26 04:01:21'),
(26, 32, 'Ida Nienow', 'Iure velit magni nemo quia minus voluptas rerum quisquam. Eaque quaerat quae quo aperiam. Expedita commodi non dolorem aut non sunt.', 3, '2019-11-26 04:01:21', '2019-11-26 04:01:21'),
(27, 47, 'Samantha Bins', 'Omnis non repellat a reprehenderit voluptatum officiis laudantium alias. Corrupti sit sit magnam dolor. Nemo vel corrupti harum. Incidunt iste et neque repudiandae autem ut mollitia.', 2, '2019-11-26 04:01:21', '2019-11-26 04:01:21'),
(28, 3, 'Justice Dare DVM', 'Et laudantium quo et ut non excepturi. Ut alias in soluta est ducimus et ratione suscipit. Reprehenderit nisi ratione quibusdam.', 4, '2019-11-26 04:01:21', '2019-11-26 04:01:21'),
(29, 31, 'Tod VonRueden', 'In voluptatum cupiditate blanditiis et voluptate qui doloremque. Eum maxime doloremque voluptatem reprehenderit a odio. Alias consequatur et voluptatibus aut quaerat autem totam. Dolor aspernatur rem ut non impedit sint.', 2, '2019-11-26 04:01:21', '2019-11-26 04:01:21'),
(30, 29, 'Alanis Hahn', 'Repellat vero dolorum eligendi aut tempora et. Ad nisi veniam nihil porro ea est assumenda. Cum ad sit voluptatem aut fugiat consequatur.', 2, '2019-11-26 04:01:21', '2019-11-26 04:01:21'),
(31, 25, 'Rowena Little I', 'Sed eos aut ut. Vel vitae quasi quia. Labore minus delectus non maxime quos culpa. Sed beatae qui quis eum qui placeat veritatis.', 4, '2019-11-26 04:01:21', '2019-11-26 04:01:21'),
(32, 21, 'Melissa Blanda', 'Voluptatem temporibus sunt dolores aut laborum fuga. Ipsum corrupti ducimus fugit et nulla placeat ea. Nisi doloremque asperiores rem et quisquam fuga quia. Inventore molestiae reiciendis voluptas temporibus.', 3, '2019-11-26 04:01:21', '2019-11-26 04:01:21'),
(33, 40, 'Xander Toy DVM', 'Sed et velit et. Odit vitae odit dolores facilis. Minima sequi voluptatibus veritatis aut. Possimus quibusdam suscipit ab eum accusamus recusandae amet.', 4, '2019-11-26 04:01:21', '2019-11-26 04:01:21'),
(34, 33, 'Miss Herminia Maggio', 'Nam aperiam maxime magnam unde assumenda saepe non. Magni aut quo quis provident voluptatum impedit at.', 5, '2019-11-26 04:01:21', '2019-11-26 04:01:21'),
(35, 43, 'Ms. Pascale Runte PhD', 'Possimus totam ut asperiores illo excepturi. Non et corrupti dolores. Vel magnam dolorem alias dignissimos. In blanditiis exercitationem laboriosam tempore ad.', 0, '2019-11-26 04:01:21', '2019-11-26 04:01:21'),
(36, 46, 'Dr. Marjorie Casper', 'Nostrum omnis optio est libero provident laborum. At et inventore dolores error. Ipsum culpa ducimus nihil voluptatem aut eligendi enim. Voluptas mollitia rem magni architecto ut magni sit nulla. Consectetur qui aliquid eos non optio similique et blanditiis.', 0, '2019-11-26 04:01:21', '2019-11-26 04:01:21'),
(37, 9, 'Prof. Rose Larkin', 'Consectetur atque consequatur cumque illum doloremque optio. Mollitia blanditiis molestiae omnis. Fuga sequi vel quo reiciendis alias omnis.', 4, '2019-11-26 04:01:21', '2019-11-26 04:01:21'),
(38, 26, 'Piper Boyer', 'Voluptatem nulla dolor voluptates molestiae animi. Aut aut ut error excepturi. Iste odit quia ut non autem perferendis sapiente.', 1, '2019-11-26 04:01:21', '2019-11-26 04:01:21'),
(39, 17, 'Carroll Boyle', 'Quis ipsum excepturi fugiat quia similique labore eaque. Quis itaque et exercitationem eos modi. Doloremque aliquam et dolores laborum ut eos.', 3, '2019-11-26 04:01:21', '2019-11-26 04:01:21'),
(40, 36, 'Quentin Kirlin', 'Unde qui qui fuga et temporibus. Rerum libero possimus vel dolores et ratione voluptas. Nam id quia a sunt voluptatem amet molestiae enim. Est quis occaecati quos.', 1, '2019-11-26 04:01:22', '2019-11-26 04:01:22'),
(41, 50, 'Prof. Vincent Fay DDS', 'Veniam suscipit voluptas debitis ut libero praesentium. Explicabo ab fugiat laborum tenetur. Non aut nobis enim. Aut autem ut perferendis repudiandae.', 5, '2019-11-26 04:01:22', '2019-11-26 04:01:22'),
(42, 45, 'Dr. Tyson Hettinger', 'Odio quas doloribus aliquam omnis dolores repudiandae odio quia. Reiciendis ea fugiat illum quia. Vitae iure rerum quod ut. Sunt officiis et odit quia autem.', 2, '2019-11-26 04:01:22', '2019-11-26 04:01:22'),
(43, 30, 'Otilia Thompson Sr.', 'Illo odit asperiores eligendi voluptatem necessitatibus. Repudiandae eligendi vero deleniti neque fugiat earum. Pariatur voluptas veniam ab sint iusto illo natus.', 4, '2019-11-26 04:01:22', '2019-11-26 04:01:22'),
(44, 40, 'Guiseppe Carter', 'Sit ut saepe tempora corrupti quos vero debitis. Libero suscipit sint reprehenderit sequi odio minus placeat. Maiores rem deleniti vitae.', 5, '2019-11-26 04:01:22', '2019-11-26 04:01:22'),
(45, 49, 'Aurelia Morar', 'Enim dicta et esse commodi repellat. Explicabo laborum assumenda voluptas similique explicabo beatae. Et qui non delectus doloribus sit excepturi.', 2, '2019-11-26 04:01:22', '2019-11-26 04:01:22'),
(46, 40, 'Dr. Favian Marquardt III', 'Nobis doloremque eum reprehenderit possimus veritatis distinctio cum. Ratione animi rerum animi veritatis ut et. Id quasi possimus explicabo. Qui omnis maiores in placeat. Sit minima quia aut sunt magnam cumque.', 2, '2019-11-26 04:01:22', '2019-11-26 04:01:22'),
(47, 50, 'Mr. Colin Kuhlman', 'Et ut facere repellat quos. Et facilis suscipit asperiores voluptatem odio qui esse. Architecto occaecati maiores qui sit sunt enim. Praesentium a quidem vitae omnis.', 0, '2019-11-26 04:01:22', '2019-11-26 04:01:22'),
(48, 45, 'Mr. Korbin Johnston PhD', 'Sed saepe atque molestiae officiis magni et. Perspiciatis eveniet quia provident. Est aut quidem officiis aut dolores.', 5, '2019-11-26 04:01:22', '2019-11-26 04:01:22'),
(49, 41, 'Lorenz Terry', 'Porro et beatae magni occaecati magnam maiores eligendi. Ut sit porro consectetur neque necessitatibus voluptatem consectetur pariatur.', 4, '2019-11-26 04:01:22', '2019-11-26 04:01:22'),
(50, 7, 'Alexandra Bernier', 'Quaerat culpa eum eos iure ratione. Quia dolor consequuntur corporis asperiores et. Quos perferendis nostrum perspiciatis modi.', 0, '2019-11-26 04:01:22', '2019-11-26 04:01:22'),
(51, 46, 'Prof. Josefa Harber', 'Consequatur ut vitae eos quod unde architecto ut. Incidunt ex deserunt voluptas possimus veniam odio. Similique ipsam quia et itaque quia aut.', 4, '2019-11-26 04:01:22', '2019-11-26 04:01:22'),
(52, 15, 'Prof. Magdalen Tremblay I', 'Est error voluptas nisi explicabo voluptatem quasi. Sapiente enim expedita molestiae. Tempora debitis quos illo.', 3, '2019-11-26 04:01:22', '2019-11-26 04:01:22'),
(53, 50, 'Isidro Watsica', 'Ea quia ullam earum provident. Earum quia possimus est. Dolorem aut fugit voluptas voluptas enim accusamus. A nemo asperiores animi excepturi.', 2, '2019-11-26 04:01:22', '2019-11-26 04:01:22'),
(54, 38, 'Allan Feil', 'Vel aut ducimus tenetur. Et dicta non quas quidem aperiam. Omnis architecto dolorem quos sint vitae quis. Quos a et deserunt at aut nesciunt et.', 4, '2019-11-26 04:01:22', '2019-11-26 04:01:22'),
(55, 6, 'Fredy Powlowski V', 'Quas quia ut ducimus. Illo dolorem facere itaque soluta sapiente et hic.', 4, '2019-11-26 04:01:22', '2019-11-26 04:01:22'),
(56, 43, 'Judson Johnson', 'Optio eum atque deserunt molestias quos pariatur distinctio consequatur. Consequatur consequatur quo saepe nisi. Qui aliquam nemo praesentium. Suscipit omnis ducimus reprehenderit odio eaque.', 3, '2019-11-26 04:01:22', '2019-11-26 04:01:22'),
(57, 27, 'Prof. Saige Bode', 'Unde fuga cum corporis dicta. Quia sit perspiciatis ex enim. Sed quam occaecati ut quis quidem sint perferendis optio.', 2, '2019-11-26 04:01:22', '2019-11-26 04:01:22'),
(58, 44, 'Angelita Heaney', 'Vero velit sint repellendus eum. Quis voluptatem omnis ex enim rem reprehenderit sed beatae. Doloremque quisquam placeat recusandae eos et nemo quod. Unde amet quidem nobis qui praesentium quaerat rerum. Itaque rerum qui est voluptate quae.', 5, '2019-11-26 04:01:22', '2019-11-26 04:01:22'),
(59, 41, 'Lazaro Anderson', 'Quo tempore veniam iusto. Nihil quisquam libero sed aliquid labore. Sunt repudiandae accusantium voluptate omnis eos amet eos.', 1, '2019-11-26 04:01:22', '2019-11-26 04:01:22'),
(60, 24, 'Everardo Jerde', 'Aut rerum ipsa fugiat qui explicabo. Molestias tempore eveniet ipsa ipsam dolor quasi accusamus. Sint consectetur sint voluptatem aut sint. Iusto vel illo aut molestiae.', 3, '2019-11-26 04:01:22', '2019-11-26 04:01:22'),
(61, 7, 'Miss Clare Veum', 'Sunt hic temporibus est perferendis. Voluptate impedit aliquam id autem soluta voluptate cum. Nam officiis odio impedit ea.', 0, '2019-11-26 04:01:22', '2019-11-26 04:01:22'),
(62, 22, 'Prof. Rahul Howell', 'Officiis ut adipisci optio omnis et et optio. Amet sed ratione voluptas non facere. Voluptas et corporis rerum aperiam amet.', 0, '2019-11-26 04:01:22', '2019-11-26 04:01:22'),
(63, 39, 'Ilene Streich I', 'Facere et ut fugit vero sed quos quidem. Dolor ipsa beatae sed qui laborum. Odio non magnam iste. Nisi magnam placeat necessitatibus cum fugiat sed omnis nihil.', 0, '2019-11-26 04:01:22', '2019-11-26 04:01:22'),
(64, 41, 'Prof. Tre Vandervort IV', 'Aspernatur enim est aut veritatis quis quos. Atque quod ut esse quae est harum. Accusantium nihil ab voluptatem voluptatum aut ducimus.', 3, '2019-11-26 04:01:22', '2019-11-26 04:01:22'),
(65, 13, 'Viviane Waters', 'Atque placeat id nostrum. Perferendis corrupti explicabo temporibus eum quia. Qui ut enim quae.', 2, '2019-11-26 04:01:22', '2019-11-26 04:01:22'),
(66, 8, 'Augustine Treutel', 'Vel optio aut debitis quidem molestias ea. Quibusdam ut et magni debitis et. Fugiat qui laudantium quo est.', 3, '2019-11-26 04:01:22', '2019-11-26 04:01:22'),
(67, 30, 'Prof. Caterina Rohan V', 'Pariatur et omnis corporis et. Aut molestiae dolorem quaerat natus ut saepe animi sapiente. Est non et quisquam nisi.', 1, '2019-11-26 04:01:22', '2019-11-26 04:01:22'),
(68, 22, 'Clovis Leannon I', 'Cupiditate et nulla iure laboriosam occaecati qui rerum. Ad animi praesentium facilis soluta facilis velit. Ut quam qui facilis vitae qui voluptates. Quisquam dolorem repellendus animi facilis atque. Distinctio consequatur esse dignissimos commodi.', 0, '2019-11-26 04:01:22', '2019-11-26 04:01:22'),
(69, 27, 'Melody Graham', 'Iusto voluptatum totam blanditiis non nobis et. Et quo porro quia quas.', 0, '2019-11-26 04:01:22', '2019-11-26 04:01:22'),
(70, 25, 'Lonzo Dooley', 'Unde placeat dolor similique incidunt cupiditate. Commodi expedita quis nemo rerum amet quia maxime. Delectus sed consectetur quia sit aut architecto rem. Doloribus ut molestiae tempore repellat voluptas.', 0, '2019-11-26 04:01:22', '2019-11-26 04:01:22'),
(71, 43, 'Raquel Hamill', 'Beatae dolorem unde quibusdam inventore alias quo. Culpa ullam sint possimus. Mollitia illo ea exercitationem eos sequi ut at.', 3, '2019-11-26 04:01:22', '2019-11-26 04:01:22'),
(72, 3, 'Alek Walker', 'Molestiae architecto qui consequuntur reiciendis dolorem. Quisquam at nihil qui esse. Enim sint amet dolores a rerum explicabo eaque.', 2, '2019-11-26 04:01:22', '2019-11-26 04:01:22'),
(73, 4, 'Dr. Kirsten Adams MD', 'Voluptatem harum labore soluta repudiandae dicta. Fuga sed minus quis deleniti sed modi. Vel dolorem tempore blanditiis ipsa.', 3, '2019-11-26 04:01:22', '2019-11-26 04:01:22'),
(74, 11, 'Braeden Schoen', 'Consequatur corrupti similique eius est sit omnis. Eaque adipisci voluptatem et et et architecto et. Itaque nihil consequuntur tempore consequuntur. Dolorum asperiores aut eum sint aut vitae hic.', 3, '2019-11-26 04:01:22', '2019-11-26 04:01:22'),
(75, 25, 'Jacynthe Hagenes', 'Accusantium soluta aspernatur repudiandae est. Magnam qui exercitationem labore officia facere aut atque labore. Eos quod sit id tenetur natus.', 2, '2019-11-26 04:01:22', '2019-11-26 04:01:22'),
(76, 22, 'Vergie Gislason I', 'Esse dolor reprehenderit a magni. Aut quo qui hic consequatur. Ea reprehenderit veritatis ab quas qui.', 5, '2019-11-26 04:01:22', '2019-11-26 04:01:22'),
(77, 15, 'Marcelle Dooley', 'Qui officiis rerum tempora ut. Ut est quisquam libero et nemo aperiam. Ea magni recusandae accusantium recusandae quas eos.', 5, '2019-11-26 04:01:22', '2019-11-26 04:01:22'),
(78, 19, 'Liza Fisher', 'Eligendi iste omnis magni ratione dolores nam voluptatem. Perspiciatis velit sed aliquam fugiat reprehenderit. Rerum itaque enim ipsam quasi consequatur quidem. Eligendi voluptatem sit ipsum voluptatem.', 0, '2019-11-26 04:01:22', '2019-11-26 04:01:22'),
(79, 27, 'Devan Zulauf', 'Et sed laboriosam saepe. Animi deleniti voluptas repellat officia est quibusdam. Excepturi ut quo expedita quia.', 0, '2019-11-26 04:01:22', '2019-11-26 04:01:22'),
(80, 21, 'Mr. Markus Bernier', 'Corrupti sed blanditiis voluptatem aut velit provident cupiditate. Voluptatum officiis vel doloribus. Aut perferendis explicabo necessitatibus non sint quo qui rerum. Totam iste qui amet rerum.', 4, '2019-11-26 04:01:22', '2019-11-26 04:01:22'),
(81, 23, 'Miss Avis Pfannerstill', 'Et soluta rerum ad nostrum iste dolores dolores. Et sunt fugiat tempore quia maiores culpa. Voluptatibus mollitia cumque non eaque sit quia cumque. Sed ea molestias ducimus ex nam.', 3, '2019-11-26 04:01:22', '2019-11-26 04:01:22'),
(82, 50, 'Lynn Morissette', 'Sit esse repellendus tempora ut. Recusandae molestias tempora consequatur aut dolore voluptatem odio. Sed at earum officia quaerat molestiae dolorem. Quibusdam recusandae rerum quasi optio ipsa ea sunt.', 0, '2019-11-26 04:01:22', '2019-11-26 04:01:22'),
(83, 9, 'Mina Daugherty', 'Animi sed hic rerum et. Voluptatem quasi est ullam facilis. Voluptatibus blanditiis impedit quas vero.', 3, '2019-11-26 04:01:22', '2019-11-26 04:01:22'),
(84, 33, 'Violet Davis', 'Voluptates dolorem qui corrupti. Dicta perferendis deserunt aut assumenda consequatur ut qui dolores. Iure mollitia et reiciendis nihil sit iusto hic. Sunt iusto tempora tempora optio odit eum in. Minus deleniti vel et rem fugit et.', 0, '2019-11-26 04:01:22', '2019-11-26 04:01:22'),
(85, 23, 'Kolby Harber', 'Quo sint incidunt maxime ea dolore sint. Sed rerum reiciendis modi enim. Saepe et qui quasi sit distinctio qui.', 1, '2019-11-26 04:01:23', '2019-11-26 04:01:23'),
(86, 37, 'Miss Elza Johns DDS', 'Officia velit accusantium labore quo veritatis est non nemo. Molestias sed consequatur quae totam deleniti natus. Reiciendis reiciendis minus ut rerum quia explicabo quod.', 2, '2019-11-26 04:01:23', '2019-11-26 04:01:23'),
(87, 34, 'Kristian Mills', 'Vero tempora harum nisi officia. Aut rerum explicabo aut eum provident. Est autem saepe possimus voluptatibus. Dicta reprehenderit iste sunt illo facere sint.', 2, '2019-11-26 04:01:23', '2019-11-26 04:01:23'),
(88, 9, 'Mr. Glennie Smitham', 'Aut laudantium sed repellendus suscipit. Voluptas minima laborum veniam voluptas voluptatem sunt. Ratione velit id est quasi esse sunt ducimus.', 3, '2019-11-26 04:01:23', '2019-11-26 04:01:23'),
(89, 28, 'Linda Altenwerth', 'Vel nihil voluptate officia quis soluta. Sunt consequatur tempore dolorum sunt cum. Quia quisquam omnis aut consectetur. Omnis veniam voluptas consequuntur sint dolore.', 3, '2019-11-26 04:01:23', '2019-11-26 04:01:23'),
(90, 3, 'Jonatan Grimes', 'Nulla maxime consequatur corporis quibusdam eius debitis. Porro et officiis rerum voluptatem possimus fuga. Sit natus non reprehenderit nisi nam. Perferendis ut enim odio quis velit deleniti.', 3, '2019-11-26 04:01:23', '2019-11-26 04:01:23'),
(91, 4, 'Enos Rath', 'In nulla nemo pariatur modi. Odio delectus ipsa necessitatibus quia. Enim ducimus facilis qui et nisi.', 3, '2019-11-26 04:01:23', '2019-11-26 04:01:23'),
(92, 43, 'Dr. Kaelyn Grady', 'Quia odio ut perferendis culpa veritatis odio. Quo illum deleniti non id in. Blanditiis non eveniet facilis ad.', 5, '2019-11-26 04:01:23', '2019-11-26 04:01:23'),
(93, 9, 'Elfrieda Schmeler Jr.', 'Nisi ut quaerat rerum corporis voluptate aut id autem. Et mollitia praesentium eum voluptates. Repellendus officia id mollitia. Nisi minus a dolore omnis vero praesentium.', 2, '2019-11-26 04:01:23', '2019-11-26 04:01:23'),
(94, 44, 'Harrison Hills', 'In libero tempora qui deserunt. A eligendi nulla minus assumenda. Modi autem laudantium sint saepe fugiat mollitia quisquam.', 4, '2019-11-26 04:01:23', '2019-11-26 04:01:23'),
(95, 14, 'Lavonne Roberts', 'Ut ut quia ad. Nam saepe molestiae aliquam in exercitationem hic. In nihil doloremque voluptates nesciunt. Sed numquam maxime veritatis et.', 1, '2019-11-26 04:01:23', '2019-11-26 04:01:23'),
(96, 49, 'Joannie Pfannerstill', 'Eos quod sint molestiae minus. Eveniet quaerat veritatis ut sed libero. Aut et voluptatibus veritatis ratione ipsam tenetur.', 0, '2019-11-26 04:01:23', '2019-11-26 04:01:23'),
(97, 13, 'Katlynn Ziemann', 'Eum culpa consequatur ullam necessitatibus cum quia eos autem. Error qui laudantium ex temporibus ut ullam debitis. Dolores voluptatem ullam ut expedita.', 0, '2019-11-26 04:01:23', '2019-11-26 04:01:23'),
(98, 13, 'Nolan Wunsch', 'Et veniam aut tempore alias voluptas. Nobis dolore provident velit mollitia minima eius nostrum. Quisquam fugiat est enim quasi quos aperiam ratione. Quae non voluptas eius quod eligendi.', 3, '2019-11-26 04:01:23', '2019-11-26 04:01:23'),
(99, 10, 'Kristofer Mueller III', 'Consequatur quasi in ea et. Voluptas similique qui ut quia deleniti. Dolorem officiis nulla modi voluptates earum.', 5, '2019-11-26 04:01:23', '2019-11-26 04:01:23'),
(100, 26, 'Wilmer Bashirian', 'Eum est qui quis laborum maxime doloremque. Rerum ratione in sit aut iure deserunt neque. Eveniet velit ut magni corrupti et.', 1, '2019-11-26 04:01:23', '2019-11-26 04:01:23'),
(101, 6, 'Zula Goldner', 'Qui quis magni necessitatibus sit maxime voluptatibus tempora. Facilis nobis error possimus nihil qui quis. Officia est est non iusto. Totam quo deserunt libero doloremque.', 4, '2019-11-26 04:01:23', '2019-11-26 04:01:23'),
(102, 12, 'Prof. Madelynn Parisian II', 'Odio quia totam labore tempore. Incidunt numquam sequi molestias molestiae ut doloremque. Provident saepe modi vel et magni consequuntur nam.', 4, '2019-11-26 04:01:23', '2019-11-26 04:01:23'),
(103, 32, 'Shayna Auer', 'Aliquam sunt aut accusantium adipisci repellendus voluptas quis. Rerum quod tempora doloribus rerum. In quia cumque nobis eaque. Optio omnis voluptas exercitationem rerum.', 0, '2019-11-26 04:01:23', '2019-11-26 04:01:23'),
(104, 13, 'Anastasia Robel', 'Dolores molestiae est ea sunt animi. Facilis et veritatis nesciunt quia aut quaerat ea. Eligendi consequatur vitae libero. Corrupti et harum voluptas.', 0, '2019-11-26 04:01:23', '2019-11-26 04:01:23'),
(105, 48, 'Mireya Kerluke', 'Ipsa omnis eveniet sit dolore a et quas. Molestiae aut repellendus error. Non soluta asperiores similique optio sint.', 2, '2019-11-26 04:01:23', '2019-11-26 04:01:23'),
(106, 28, 'Daija Jenkins Jr.', 'Est aut unde et dolorem minima possimus. Atque provident vero sint tempora. Dolorem perferendis facere laudantium magni dolores. Quia tenetur alias minus hic aut eos.', 1, '2019-11-26 04:01:23', '2019-11-26 04:01:23'),
(107, 30, 'Gianni Ferry', 'Est et ut inventore impedit. Quas et esse magnam aut velit ducimus explicabo et. Nihil nobis dolorum mollitia ipsa officia qui. Quisquam aut nihil distinctio officia et.', 3, '2019-11-26 04:01:24', '2019-11-26 04:01:24'),
(108, 3, 'Isabell Olson', 'Et ex illum qui in nesciunt blanditiis in quam. Ipsa omnis provident eius cum ducimus enim. Et tempore consequatur consectetur eum iste corrupti quibusdam. Ut occaecati quam aspernatur nam pariatur cumque modi ipsam.', 4, '2019-11-26 04:01:24', '2019-11-26 04:01:24'),
(109, 41, 'Thomas Walter', 'Voluptates aut dolorem quibusdam recusandae excepturi odio. Voluptatem illum qui perferendis deserunt rem nemo voluptas suscipit. Qui nostrum eos laboriosam.', 4, '2019-11-26 04:01:24', '2019-11-26 04:01:24'),
(110, 34, 'Hulda Wilkinson', 'Dolorem qui eum porro suscipit id. Omnis non reprehenderit dolorem asperiores quos. A qui iste consequatur aut reprehenderit ea vitae. Nemo eum quos sapiente aut excepturi.', 0, '2019-11-26 04:01:24', '2019-11-26 04:01:24'),
(111, 44, 'Providenci Welch', 'Tenetur officia accusamus officia sapiente dicta. Culpa blanditiis temporibus dolor. Quia nihil assumenda ut soluta aut ad excepturi. Eaque sed error qui incidunt ea voluptatibus ut.', 4, '2019-11-26 04:01:24', '2019-11-26 04:01:24'),
(112, 19, 'Nelda Schimmel', 'Sint ullam aperiam consequatur beatae et aut debitis. Quae recusandae dolores molestiae neque. Ea autem suscipit quia sequi. Recusandae illo ad nisi quia quia.', 3, '2019-11-26 04:01:24', '2019-11-26 04:01:24'),
(113, 23, 'Elda Hermiston', 'Sit voluptatum velit adipisci praesentium. Saepe eos tenetur iusto quo sint. Aut distinctio ipsum sit quibusdam voluptatem est.', 3, '2019-11-26 04:01:24', '2019-11-26 04:01:24'),
(114, 44, 'Mr. Bryon Bednar IV', 'Est quibusdam rerum mollitia officia voluptatem facere. Blanditiis quos nobis magni enim non. Ullam laboriosam quod totam ut officia.', 3, '2019-11-26 04:01:24', '2019-11-26 04:01:24'),
(115, 25, 'Izabella Altenwerth', 'Autem et tempora aliquid occaecati. Ipsa doloremque officiis nobis. Voluptates labore qui eum eius nobis qui repellat. Dignissimos id qui voluptatum voluptas vitae. Id itaque consequatur molestiae iusto.', 4, '2019-11-26 04:01:24', '2019-11-26 04:01:24'),
(116, 30, 'Maci Bradtke', 'Deserunt earum cumque eligendi quo sit. Odit sit explicabo totam reiciendis totam voluptatibus ut.', 4, '2019-11-26 04:01:24', '2019-11-26 04:01:24'),
(117, 13, 'Kiana Bernhard', 'Sed sit officia perferendis error. Quos vel pariatur ut voluptatem tempore qui. Ut cumque aspernatur soluta porro repellendus laborum nisi est. Placeat ullam autem exercitationem nemo sed molestiae et.', 3, '2019-11-26 04:01:24', '2019-11-26 04:01:24'),
(118, 21, 'Dr. Verla Becker', 'Voluptas error aut consectetur omnis voluptatem. Eveniet nihil laborum ut. Consequatur nihil dolorum adipisci est.', 2, '2019-11-26 04:01:24', '2019-11-26 04:01:24'),
(119, 41, 'Wiley Heidenreich', 'A aut minus unde facere aut. Fuga repellat nostrum quae laudantium soluta. Et sed aspernatur labore aut asperiores. At est voluptatum amet aut minus voluptatibus rerum.', 2, '2019-11-26 04:01:24', '2019-11-26 04:01:24'),
(120, 41, 'Mr. Jerrold Murazik III', 'Ipsam vero facilis laboriosam inventore cupiditate esse neque. Rem voluptatibus non distinctio consequuntur omnis qui velit molestias. Enim rerum omnis aut vel.', 0, '2019-11-26 04:01:24', '2019-11-26 04:01:24'),
(121, 44, 'Prof. Maryjane Runte MD', 'Sed neque voluptas deserunt amet sunt porro eum. Occaecati labore sint molestiae perspiciatis sequi itaque aut. Id dolorem magni sed eum.', 0, '2019-11-26 04:01:24', '2019-11-26 04:01:24'),
(122, 46, 'Lynn Ferry', 'Nihil eum saepe nesciunt dignissimos ipsa rerum blanditiis. Asperiores ut saepe excepturi vel est porro. Dignissimos voluptatem laboriosam et sequi iusto aut amet sint. A numquam cupiditate a consequuntur temporibus quis voluptatem. Perspiciatis nisi voluptas voluptatem dolor voluptas nihil.', 5, '2019-11-26 04:01:24', '2019-11-26 04:01:24'),
(123, 21, 'Dr. Zelda Stokes IV', 'Numquam dolor ut id ut voluptatibus excepturi molestiae placeat. Earum consequatur est assumenda vel. Ut alias exercitationem nostrum facere perspiciatis eveniet.', 1, '2019-11-26 04:01:24', '2019-11-26 04:01:24'),
(124, 30, 'Malika Rice III', 'Suscipit fugit sed eius ut fugiat et assumenda. Atque voluptatem deserunt blanditiis. Cupiditate corrupti dolorem vel deleniti et et hic. Qui asperiores deleniti molestiae dolor numquam commodi.', 4, '2019-11-26 04:01:24', '2019-11-26 04:01:24'),
(125, 41, 'Mya Senger', 'Labore provident voluptatem maiores. Porro aspernatur non id quam. Enim possimus praesentium quo itaque voluptatem blanditiis voluptas vitae.', 4, '2019-11-26 04:01:24', '2019-11-26 04:01:24'),
(126, 31, 'Miss Graciela Lindgren MD', 'Fugit qui saepe consequatur laudantium. Cupiditate et eaque architecto vero officia. Qui et fugit consectetur dicta accusantium provident cupiditate.', 5, '2019-11-26 04:01:24', '2019-11-26 04:01:24'),
(127, 32, 'Blake Lang', 'Sint quasi itaque laboriosam ratione aperiam reiciendis voluptas. Corrupti at et at error. Provident saepe voluptas rerum officia nostrum qui. Fuga neque soluta illum qui totam consequatur qui eos.', 2, '2019-11-26 04:01:24', '2019-11-26 04:01:24'),
(128, 22, 'Mr. Brant Orn V', 'Quis architecto aut aut recusandae. Iusto qui laborum id nobis odit. Magni architecto magnam eligendi et harum a sunt. Et possimus et quidem consectetur adipisci expedita.', 4, '2019-11-26 04:01:25', '2019-11-26 04:01:25'),
(129, 10, 'Trent Keeling', 'Harum non ea saepe ut est. Cum soluta recusandae corrupti est. Labore nisi praesentium alias non.', 1, '2019-11-26 04:01:25', '2019-11-26 04:01:25'),
(130, 22, 'Icie Buckridge', 'Dolores laborum consequatur ducimus nihil illum eaque tempore. Consequuntur voluptas ipsam enim voluptate quas neque sed et. Hic illum minus vitae et cum alias et. Nemo libero perspiciatis consequatur qui velit deleniti.', 3, '2019-11-26 04:01:25', '2019-11-26 04:01:25'),
(131, 40, 'Orion Herzog', 'Et consectetur eaque numquam id. Quia facere consequatur sed sunt aperiam inventore. Ullam exercitationem aliquid corrupti iste quis libero.', 2, '2019-11-26 04:01:25', '2019-11-26 04:01:25'),
(132, 29, 'Kristina Murphy', 'Qui quis exercitationem illo excepturi doloremque. Est natus quia necessitatibus repellendus dolores vel hic in. Repellendus ut doloribus provident velit. Fugiat quam voluptas voluptatem rem amet molestiae.', 4, '2019-11-26 04:01:25', '2019-11-26 04:01:25'),
(133, 50, 'Ms. Jacinthe Williamson II', 'Corporis ut placeat autem. Blanditiis natus aut nostrum natus voluptatem. Voluptatibus harum placeat omnis qui ut eius.', 0, '2019-11-26 04:01:25', '2019-11-26 04:01:25'),
(134, 28, 'Armando Feest I', 'Aspernatur nobis quo quo maxime omnis in quibusdam. Qui ratione consequatur cumque non qui odio voluptates. Consectetur est blanditiis eius explicabo sit provident. Dolore repellendus autem adipisci aperiam ducimus. Rerum illum et voluptatem repudiandae reprehenderit et.', 0, '2019-11-26 04:01:25', '2019-11-26 04:01:25'),
(135, 30, 'Kaelyn Nikolaus', 'Aut eaque omnis nemo quae ducimus. Dicta molestiae cumque porro qui deleniti.', 1, '2019-11-26 04:01:25', '2019-11-26 04:01:25'),
(136, 50, 'Ozella Tromp', 'Temporibus dolores necessitatibus cupiditate vel qui hic consequatur. Ipsa est ducimus eum ut. Tempora non nisi illum aut ratione. Praesentium ut quaerat dolorem iste.', 0, '2019-11-26 04:01:25', '2019-11-26 04:01:25'),
(137, 18, 'Evert Crona', 'Quo voluptatem et incidunt. Alias voluptatem autem consequuntur debitis dolores quis. Molestiae consequatur numquam repellat.', 5, '2019-11-26 04:01:25', '2019-11-26 04:01:25'),
(138, 10, 'Kasey Sipes Sr.', 'Sint vel architecto a mollitia occaecati possimus. Enim et est impedit aspernatur et. Qui est exercitationem sint qui alias tenetur.', 1, '2019-11-26 04:01:25', '2019-11-26 04:01:25'),
(139, 45, 'Rosamond Thompson', 'Exercitationem voluptate aut vero in voluptatibus. Exercitationem non quaerat et dicta. Exercitationem minus aut qui provident.', 3, '2019-11-26 04:01:25', '2019-11-26 04:01:25'),
(140, 29, 'Floyd White', 'Quis eveniet odit iste qui rerum velit aut. Doloribus et mollitia libero vitae et. Molestiae aut fuga accusamus animi ex quo et. Nisi deleniti magni aliquid ipsum et.', 2, '2019-11-26 04:01:25', '2019-11-26 04:01:25'),
(141, 5, 'Betsy Swaniawski', 'Quo sint asperiores voluptatum eum vel. Voluptatem sed vel id facilis porro. Ut eos quod velit. Nam quia eos mollitia debitis eos ullam adipisci commodi.', 3, '2019-11-26 04:01:25', '2019-11-26 04:01:25'),
(142, 31, 'Prof. Lula Streich V', 'Asperiores assumenda quaerat corporis. Eos autem magni sed rerum. Totam et eos molestiae perferendis tempore. Rerum nostrum quibusdam ut atque. Sapiente eum magnam porro consequatur repudiandae tenetur earum.', 0, '2019-11-26 04:01:25', '2019-11-26 04:01:25'),
(143, 44, 'Brooks Aufderhar PhD', 'Sapiente quod ducimus magni facere a perferendis. Labore voluptas natus qui reprehenderit. Quibusdam voluptatem minus tempora non. Natus consequatur id itaque ut commodi nobis natus.', 5, '2019-11-26 04:01:25', '2019-11-26 04:01:25'),
(144, 32, 'Madelynn Turcotte', 'Temporibus officiis alias facere rerum eum possimus. Minima earum aliquam blanditiis et ipsum id sed. Sit tenetur fugit iste est impedit ullam molestias. Non autem accusantium culpa.', 2, '2019-11-26 04:01:25', '2019-11-26 04:01:25'),
(145, 23, 'Prof. Otho Hane', 'Quibusdam rerum perspiciatis delectus fugiat. Perspiciatis voluptatibus error a. Iusto consequatur dolores quasi illo et quae ut assumenda.', 0, '2019-11-26 04:01:25', '2019-11-26 04:01:25'),
(146, 20, 'Candido Cormier', 'Voluptas nostrum veritatis commodi impedit. Amet autem et fuga dolores et error. Eum et eos facilis placeat officiis eos quibusdam. Consequatur ipsa molestiae incidunt sequi.', 0, '2019-11-26 04:01:25', '2019-11-26 04:01:25'),
(147, 1, 'Armand Brakus', 'Voluptatem quibusdam cumque maxime facilis saepe. Et recusandae ut nam consequatur. Ut nisi eaque voluptatum temporibus quo ut.', 2, '2019-11-26 04:01:25', '2019-11-26 04:01:25'),
(148, 8, 'Hilbert Yost I', 'Voluptatibus nihil commodi hic. Tempore ducimus vel iure et. Et iure enim necessitatibus dicta eaque vel. Nulla nisi exercitationem fugit voluptatem.', 5, '2019-11-26 04:01:26', '2019-11-26 04:01:26'),
(149, 37, 'Ms. Clarissa Kunze II', 'Architecto autem dolorem omnis est consequatur voluptatem qui culpa. Sunt asperiores ipsam iste est quas error. Et neque voluptates sunt et.', 2, '2019-11-26 04:01:26', '2019-11-26 04:01:26'),
(150, 4, 'Robert Upton', 'Sint molestiae est reiciendis. Est ullam quasi distinctio amet. Laborum deleniti tempore quibusdam magnam facilis corporis.', 0, '2019-11-26 04:01:26', '2019-11-26 04:01:26'),
(151, 50, 'Loren Mohr DDS', 'Veniam voluptas quaerat accusantium fuga fugiat placeat. Sunt enim est iure sit tempora ullam. Occaecati optio aliquid perspiciatis adipisci aut fugit. Consequatur enim nihil quaerat eaque quibusdam ut nobis harum.', 4, '2019-11-26 04:01:26', '2019-11-26 04:01:26'),
(152, 11, 'Dejuan Huel IV', 'Temporibus ducimus quisquam accusamus qui quia unde. Laboriosam tempora laudantium quaerat dolorum sit esse. Minima eos quis quam et adipisci. Numquam et veniam est sit voluptatem tempora dolor.', 3, '2019-11-26 04:01:26', '2019-11-26 04:01:26'),
(153, 35, 'Prof. Frederique Dach II', 'Temporibus blanditiis recusandae doloremque voluptas doloremque quos voluptas. Et quo quasi est et ipsum. Fugiat repellat accusantium tempora facilis animi sed.', 0, '2019-11-26 04:01:26', '2019-11-26 04:01:26'),
(154, 35, 'Dr. Buster Abbott I', 'Aperiam voluptatibus et eaque est saepe et nihil. Omnis nostrum a labore et molestiae ut eos. Sunt consequatur odio veritatis facere fugiat atque quod. Aut quis porro sequi aut distinctio fugiat.', 0, '2019-11-26 04:01:26', '2019-11-26 04:01:26'),
(155, 7, 'Prof. Ezekiel Kub III', 'Aperiam consequuntur harum accusamus vel ut illum ipsa atque. Deserunt in optio expedita repellendus autem et. Corrupti quia labore et minus omnis sapiente velit. Eveniet et laborum ut ut voluptatum.', 2, '2019-11-26 04:01:26', '2019-11-26 04:01:26'),
(156, 35, 'Solon Purdy', 'Id delectus nemo consequatur excepturi. Et beatae molestiae sint natus. Optio consequatur aut recusandae architecto dolor vitae sit consequatur.', 3, '2019-11-26 04:01:26', '2019-11-26 04:01:26'),
(157, 5, 'Breanne Lebsack', 'Quae ut excepturi officia quos repellendus ut placeat. Inventore ea ut qui aut non est nemo ipsum. Fugiat ipsa voluptate nulla.', 0, '2019-11-26 04:01:26', '2019-11-26 04:01:26'),
(158, 13, 'Barrett O\'Hara', 'Sint omnis ea quo laudantium voluptatibus soluta. Maxime veritatis tempore molestiae adipisci error non suscipit.', 2, '2019-11-26 04:01:26', '2019-11-26 04:01:26'),
(159, 9, 'Thalia Quigley', 'Est aliquam quaerat et aperiam vel libero. Culpa et aliquam nobis ea. Ipsam dicta qui placeat illo pariatur eos nihil minima. Ipsum fugiat sapiente ea.', 3, '2019-11-26 04:01:26', '2019-11-26 04:01:26'),
(160, 37, 'Shemar Ryan III', 'Nihil rerum qui rerum sed accusamus culpa velit. Quis tempore non tempora pariatur. Tempora est quam dolores aut sed quod blanditiis. Molestiae cum ab consequatur et in nihil.', 0, '2019-11-26 04:01:26', '2019-11-26 04:01:26'),
(161, 44, 'Gabe Wolf', 'Quia accusantium ut aspernatur quae. Sit sit nihil adipisci voluptatibus voluptatem veniam veritatis. Repudiandae soluta molestias deleniti consequatur laudantium.', 5, '2019-11-26 04:01:26', '2019-11-26 04:01:26'),
(162, 35, 'Jacques Champlin', 'Ipsum nam expedita quis possimus qui molestiae. Omnis veniam consequatur id aut velit natus. Explicabo amet sunt dolore atque cupiditate similique. Tempore sit consequatur sit nisi sunt.', 3, '2019-11-26 04:01:26', '2019-11-26 04:01:26'),
(163, 38, 'Sister Runte', 'Hic exercitationem sunt unde qui quis et repellendus. Aut odit placeat ab quasi. Officia doloribus qui voluptate quo odit qui sint fugit.', 2, '2019-11-26 04:01:26', '2019-11-26 04:01:26'),
(164, 7, 'Mr. Constantin Schaefer II', 'Totam doloremque dolor aut doloremque et. Autem ab labore esse eos natus. Et quaerat quod deserunt alias et dignissimos.', 5, '2019-11-26 04:01:26', '2019-11-26 04:01:26'),
(165, 37, 'Abel Hauck', 'Dolorem sunt nihil eos non quas. Repellat dolor et architecto laudantium beatae. Aut temporibus sint dolor distinctio pariatur distinctio inventore. Aut dolores doloremque officiis ut sapiente tenetur non quisquam.', 1, '2019-11-26 04:01:26', '2019-11-26 04:01:26'),
(166, 34, 'Prof. Ed Jenkins III', 'Sit ut in laudantium. Eum eius aliquam ducimus. Doloremque minima corporis ea accusantium aut nisi possimus. Nihil dolores qui sint et mollitia nesciunt.', 5, '2019-11-26 04:01:26', '2019-11-26 04:01:26'),
(167, 6, 'Prof. Elnora Zboncak II', 'Non dolores eum aperiam ipsam. Accusamus quis sunt id dicta. Excepturi enim at unde.', 5, '2019-11-26 04:01:26', '2019-11-26 04:01:26'),
(168, 6, 'Prof. Ora Bergstrom DDS', 'Consequatur tempore qui in eveniet porro ut. Nemo cum repellat amet. Eos qui eius mollitia consectetur esse.', 5, '2019-11-26 04:01:26', '2019-11-26 04:01:26'),
(169, 28, 'Mrs. Una Kohler PhD', 'Ea tempore qui blanditiis. Qui accusantium fugit sunt soluta quia. Et quos perspiciatis soluta repellat numquam voluptatem.', 4, '2019-11-26 04:01:26', '2019-11-26 04:01:26'),
(170, 11, 'Curtis Batz', 'Atque illo quia molestiae quia dolorum veritatis tenetur. Id vel reiciendis architecto magnam.', 4, '2019-11-26 04:01:26', '2019-11-26 04:01:26'),
(171, 11, 'Elenora Oberbrunner', 'Assumenda et qui aut reprehenderit. Ex corporis tenetur quos qui. Ea est consequatur molestiae quia earum. Commodi unde maxime explicabo repellat facere amet.', 1, '2019-11-26 04:01:27', '2019-11-26 04:01:27'),
(172, 19, 'Courtney Marks', 'Eveniet nemo dicta necessitatibus aut sunt quibusdam. Velit eligendi quasi velit porro. Officiis labore magnam omnis officia amet modi. Eaque eius corrupti a quis ipsum ipsa.', 0, '2019-11-26 04:01:27', '2019-11-26 04:01:27'),
(173, 28, 'Halie Armstrong', 'Velit et voluptatem officia vel nihil perferendis tempora. Laboriosam non qui vitae est exercitationem quidem. Sapiente delectus harum omnis provident.', 3, '2019-11-26 04:01:27', '2019-11-26 04:01:27'),
(174, 34, 'Mr. Fletcher Rau', 'Sunt dolores dolor tempora enim. Nihil quam ipsum quasi unde provident. Consequatur ut nesciunt magnam aut.', 5, '2019-11-26 04:01:27', '2019-11-26 04:01:27'),
(175, 8, 'Isac Bogan PhD', 'Reprehenderit quod est corrupti aut repellat. Eaque dignissimos molestiae nihil repellat consectetur. Non rerum qui quia qui quasi.', 1, '2019-11-26 04:01:27', '2019-11-26 04:01:27'),
(176, 3, 'Napoleon Hill', 'Dolorem amet aut repudiandae rem cupiditate iusto id. Error praesentium et corporis nihil optio eum. Hic aut facere praesentium et culpa sit aut.', 3, '2019-11-26 04:01:27', '2019-11-26 04:01:27'),
(177, 33, 'Nicole Gleichner', 'Incidunt natus veniam consequatur sint laudantium quam. Quibusdam quo quo maiores qui a. Nobis voluptatum et ullam ducimus.', 2, '2019-11-26 04:01:27', '2019-11-26 04:01:27'),
(178, 41, 'Magali Turner', 'In reprehenderit quia quidem sit. Iusto totam sit qui reiciendis. Rerum incidunt est ratione qui quis est.', 3, '2019-11-26 04:01:27', '2019-11-26 04:01:27'),
(179, 44, 'Mrs. Valentina Beier DDS', 'Aut vitae eum inventore voluptas. Aut reprehenderit impedit mollitia impedit quam. Quibusdam velit nulla voluptate et voluptas. Saepe qui veniam dolorem et nisi cupiditate rem.', 1, '2019-11-26 04:01:27', '2019-11-26 04:01:27'),
(180, 48, 'Newton Crooks III', 'Voluptatem voluptatibus inventore dignissimos sint qui. Similique sed dolor quas maiores. Eius ut placeat ad quod occaecati eum aperiam.', 0, '2019-11-26 04:01:27', '2019-11-26 04:01:27'),
(181, 2, 'Prof. Adella Koss', 'Perspiciatis quas dolor culpa deleniti qui soluta molestiae. Omnis ducimus est ea recusandae sequi est. Officiis possimus animi ut et nostrum ea laudantium.', 3, '2019-11-26 04:01:27', '2019-11-26 04:01:27'),
(182, 50, 'Jessica Huels V', 'Qui porro magni odio placeat quidem sed. Et non inventore optio harum voluptatum doloribus neque minima. Porro et libero fugit. Voluptatem suscipit architecto sint nihil numquam placeat nesciunt.', 4, '2019-11-26 04:01:27', '2019-11-26 04:01:27'),
(183, 30, 'Bethany Barrows III', 'Quis voluptas facere velit itaque ut. Quisquam expedita a repellendus vel ex possimus. Tenetur sint aut dolore et et vel. Excepturi iusto vel nostrum iste rerum autem id.', 5, '2019-11-26 04:01:27', '2019-11-26 04:01:27'),
(184, 39, 'Jayda Ward', 'Dolorem temporibus commodi ex harum aut. Reprehenderit blanditiis id quidem sint qui similique. Laborum officia impedit aperiam quia et. Enim est incidunt voluptatem iure vel.', 5, '2019-11-26 04:01:27', '2019-11-26 04:01:27'),
(185, 27, 'Mr. Abe Heathcote III', 'Voluptas et eum ut ea totam dolor accusamus. Vero nostrum asperiores labore ipsa. Mollitia cumque quis qui tempore. Cumque libero voluptas velit quibusdam.', 5, '2019-11-26 04:01:27', '2019-11-26 04:01:27'),
(186, 2, 'Prof. Vita Zemlak I', 'Molestiae in atque id commodi corporis provident enim. Magnam et quisquam soluta incidunt. Iure expedita et distinctio labore nobis autem optio. Consequatur repellendus est ut.', 4, '2019-11-26 04:01:27', '2019-11-26 04:01:27'),
(187, 43, 'Prof. Daija West DVM', 'Aspernatur quia harum sequi quasi. Harum beatae natus rerum recusandae qui. Ipsam odit tempore hic eligendi dolore.', 2, '2019-11-26 04:01:27', '2019-11-26 04:01:27'),
(188, 34, 'Malachi Lindgren', 'Rem qui temporibus exercitationem laboriosam fuga ipsa suscipit labore. Eligendi dolores repudiandae et amet vitae ex. Pariatur aliquid rerum temporibus maxime. Libero maxime eos sit.', 1, '2019-11-26 04:01:27', '2019-11-26 04:01:27'),
(189, 27, 'Rafael Bruen', 'Natus itaque qui et est id aut. Velit explicabo suscipit quasi ducimus ipsam aliquam. Perspiciatis autem sit placeat fuga voluptate velit.', 2, '2019-11-26 04:01:27', '2019-11-26 04:01:27'),
(190, 48, 'Christy Schumm III', 'Voluptates temporibus nihil aut fugiat exercitationem. Modi quia qui quia id exercitationem sint temporibus. Non sit voluptatem eius. Dolor vel velit maxime repellat.', 0, '2019-11-26 04:01:27', '2019-11-26 04:01:27'),
(191, 6, 'Mrs. Letha Raynor', 'Aut officia tempora ipsa tempora. Enim officiis facere sed voluptate commodi voluptas magnam. Eos perferendis voluptatem et officiis dicta omnis et voluptates.', 3, '2019-11-26 04:01:27', '2019-11-26 04:01:27'),
(192, 40, 'Prof. Denis Lowe', 'Non deserunt est dolorem deserunt optio illum. Nihil tempora maxime dolorum doloremque possimus nisi fugiat. Quia qui cumque dolor a sint itaque fugiat.', 4, '2019-11-26 04:01:28', '2019-11-26 04:01:28'),
(193, 47, 'Miss Annie Orn', 'Assumenda non voluptatibus illum minima. Iure laborum nobis soluta vel natus et rerum natus. Debitis accusamus non et non ipsum ex et. Porro fugit eaque dolorum ea.', 2, '2019-11-26 04:01:28', '2019-11-26 04:01:28'),
(194, 22, 'Deanna Denesik', 'Et et aut illo dolores ipsa ducimus. Consectetur eum est nisi pariatur. Nemo molestiae id maxime qui itaque dolorem. Consequatur et numquam et ex culpa maiores sit qui.', 3, '2019-11-26 04:01:28', '2019-11-26 04:01:28'),
(195, 6, 'Dr. Santiago Corwin II', 'Dolorem et nisi placeat. Cumque tempore eum error ut necessitatibus et praesentium asperiores. Ut harum impedit asperiores provident eveniet maiores iste. Et accusantium perferendis reprehenderit nobis quasi dicta laudantium. Exercitationem ullam ipsum dolores repellat.', 4, '2019-11-26 04:01:28', '2019-11-26 04:01:28'),
(196, 23, 'Allen Heathcote', 'Consequuntur ducimus saepe magnam est. Optio nobis itaque aut molestias veniam. Sit quis et voluptatibus sed non quod.', 4, '2019-11-26 04:01:28', '2019-11-26 04:01:28'),
(197, 31, 'Malachi Davis', 'Sequi quos qui minima esse consectetur vero necessitatibus. Tempore aliquid consequatur eos porro hic dignissimos. Voluptatem sequi ipsum est quasi minus omnis dicta sint.', 1, '2019-11-26 04:01:28', '2019-11-26 04:01:28'),
(198, 2, 'Dr. Baylee Kub Jr.', 'Recusandae ad hic cum illo. Deserunt a consectetur quis vel optio veniam commodi. Dolorem sint vel laboriosam est sapiente est deleniti. Quis qui adipisci aspernatur dolorum adipisci.', 1, '2019-11-26 04:01:28', '2019-11-26 04:01:28'),
(199, 9, 'Ms. Violet Bogan', 'Eum omnis officiis eveniet expedita quidem rerum necessitatibus quaerat. Aut et eius est adipisci nemo doloremque eum. Tenetur asperiores tempore consequatur ea quod sunt.', 1, '2019-11-26 04:01:28', '2019-11-26 04:01:28'),
(200, 18, 'Miss Gracie Donnelly DDS', 'Blanditiis perferendis doloremque ex aut consequatur debitis. Rerum dicta inventore dicta minima ullam porro reprehenderit maiores. Est nulla delectus est sed aut. Minima pariatur est perspiciatis.', 0, '2019-11-26 04:01:28', '2019-11-26 04:01:28'),
(201, 34, 'Hilbert Koch', 'Fugiat alias voluptas ipsa quaerat voluptatum voluptate. Rerum dignissimos eaque vitae aut deserunt dolorem. Sed explicabo quam aspernatur quis. Voluptas dolore et in dignissimos.', 3, '2019-11-26 04:01:28', '2019-11-26 04:01:28'),
(202, 4, 'Dr. Hank Mann III', 'Asperiores laudantium vel voluptatem est. Consequatur beatae amet molestiae officia quas rerum. Incidunt magni sapiente commodi perspiciatis. Animi officia a alias incidunt.', 2, '2019-11-26 04:01:28', '2019-11-26 04:01:28'),
(203, 23, 'Vernon Stehr', 'Sapiente pariatur sit sunt illo. Sunt debitis enim natus rem magnam odio. Laboriosam quaerat atque omnis labore molestiae sequi ea. Sed maiores sint dolor dolorem excepturi omnis quae. Non aut rerum corporis omnis nulla distinctio qui.', 2, '2019-11-26 04:01:28', '2019-11-26 04:01:28'),
(204, 50, 'Eric Simonis', 'Unde qui omnis mollitia. Aspernatur sunt deserunt quae nulla. Quas praesentium quia quidem aut reiciendis nisi. Maxime aut sunt pariatur sapiente.', 1, '2019-11-26 04:01:28', '2019-11-26 04:01:28'),
(205, 45, 'Joana Turcotte', 'Laborum est aut fuga. Eius veniam quaerat adipisci dignissimos aliquid dolores in. Enim expedita consectetur cumque rerum repellat consequatur unde. Velit omnis rerum perspiciatis est explicabo amet nisi omnis.', 2, '2019-11-26 04:01:28', '2019-11-26 04:01:28'),
(206, 40, 'Grady Mueller II', 'Eum placeat sequi eveniet impedit saepe maiores. Minima aut minus voluptate exercitationem ut laudantium atque. Dolor distinctio sunt mollitia sunt. Nobis magnam nisi asperiores in.', 2, '2019-11-26 04:01:28', '2019-11-26 04:01:28'),
(207, 43, 'Carli Schoen V', 'A veritatis soluta deserunt est et quis repellendus. Eos error provident voluptatibus similique delectus. Dolorum sapiente est sit rerum aliquam voluptatem. Exercitationem placeat possimus ea in.', 2, '2019-11-26 04:01:28', '2019-11-26 04:01:28'),
(208, 44, 'Shanna Miller', 'Iusto omnis eos rerum aut ut non. Sed mollitia recusandae amet iusto molestiae corrupti.', 0, '2019-11-26 04:01:28', '2019-11-26 04:01:28'),
(209, 45, 'Rosalind Borer', 'Earum itaque est qui ad. Voluptas et vel eaque architecto illo ex quisquam. Adipisci quia aut molestiae fugit beatae.', 1, '2019-11-26 04:01:28', '2019-11-26 04:01:28'),
(210, 37, 'Lucienne Beer PhD', 'In fugit neque et quibusdam voluptas. Dicta aut voluptatum natus unde. Quibusdam illo voluptas et. Non cupiditate hic at similique animi.', 3, '2019-11-26 04:01:28', '2019-11-26 04:01:28');
INSERT INTO `reviews` (`id`, `product_id`, `customer`, `review`, `star`, `created_at`, `updated_at`) VALUES
(211, 5, 'Justine Dickinson', 'Sint ut consectetur omnis ut repudiandae. Ut aut velit architecto est distinctio corporis. Quaerat culpa et perspiciatis facere.', 1, '2019-11-26 04:01:29', '2019-11-26 04:01:29'),
(212, 5, 'Terry Dickens', 'Facilis sapiente delectus error quia. Consequatur labore quidem enim exercitationem beatae. Autem dolore eius mollitia nisi. Quis velit eum a fugit deserunt.', 3, '2019-11-26 04:01:29', '2019-11-26 04:01:29'),
(213, 17, 'Carlotta Kulas', 'Rem qui repellat eligendi sint. Nisi aperiam eos maxime expedita molestiae eaque esse. Error quia vitae suscipit dolor non nihil autem illo. Sit consectetur quos ipsa neque quisquam vero possimus. Est aliquam voluptatum facere temporibus cum facilis quam.', 4, '2019-11-26 04:01:29', '2019-11-26 04:01:29'),
(214, 38, 'Max O\'Hara', 'Voluptatem fuga ipsam quis labore. Molestiae quis molestiae voluptatem.', 2, '2019-11-26 04:01:29', '2019-11-26 04:01:29'),
(215, 47, 'Neal Daniel', 'Sunt perferendis optio qui a sit. Error magnam porro et est saepe. Quidem unde veniam qui est ea ipsum.', 5, '2019-11-26 04:01:29', '2019-11-26 04:01:29'),
(216, 11, 'Raul Lesch', 'Autem numquam tenetur eos et praesentium quos. Quia odit quaerat illum ut fuga quis eum. Est laboriosam magni cupiditate illo delectus non optio. Repellat qui non voluptatem nulla quaerat quo commodi commodi. Exercitationem veniam ipsam qui nihil est perferendis inventore.', 5, '2019-11-26 04:01:29', '2019-11-26 04:01:29'),
(217, 46, 'Aric Bashirian V', 'Ad ullam occaecati pariatur repudiandae. Saepe dignissimos ut libero consequatur. Omnis quod cum in aut asperiores rerum placeat dolores.', 1, '2019-11-26 04:01:29', '2019-11-26 04:01:29'),
(218, 28, 'Gregg Streich', 'Quis rem rem nisi officia vitae quo vel. Enim recusandae nesciunt reiciendis officia quia deleniti impedit. Molestiae natus dolorem in.', 3, '2019-11-26 04:01:29', '2019-11-26 04:01:29'),
(219, 29, 'Trent Kihn', 'Beatae rerum molestiae repellat. Vero quis sunt placeat neque deleniti. Consequuntur ratione aut ipsa voluptate autem. Esse a dignissimos quia dolor.', 2, '2019-11-26 04:01:29', '2019-11-26 04:01:29'),
(220, 49, 'Taya Sawayn', 'Cupiditate et est in necessitatibus aut. Autem perspiciatis consequatur maiores earum. Aliquid est quia aliquam aperiam rem. Id quos nam et excepturi cupiditate facilis excepturi aut.', 3, '2019-11-26 04:01:29', '2019-11-26 04:01:29'),
(221, 19, 'Wilhelm Weissnat V', 'Qui sed voluptas sequi omnis eaque. Voluptate illum in nulla omnis assumenda dignissimos rerum voluptate. Doloremque magnam odit ipsa.', 0, '2019-11-26 04:01:29', '2019-11-26 04:01:29'),
(222, 34, 'Telly Hoppe', 'Assumenda autem sit illo minima. Placeat at eum sit quas placeat qui aliquid. Quo quia delectus quae tempora non. Aliquam impedit qui et inventore repellat.', 3, '2019-11-26 04:01:29', '2019-11-26 04:01:29'),
(223, 8, 'Benjamin Walker', 'Maxime esse mollitia natus eum culpa. Placeat sunt ut officiis. Cumque ut omnis ad modi nam odio. Sapiente et similique sunt minima velit reprehenderit est.', 0, '2019-11-26 04:01:29', '2019-11-26 04:01:29'),
(224, 38, 'Lolita Hessel', 'Odit debitis qui culpa quia ipsum. Tenetur natus perspiciatis est iste numquam. Porro omnis provident quod nihil. Laborum libero temporibus eius neque sunt dolorem.', 0, '2019-11-26 04:01:29', '2019-11-26 04:01:29'),
(225, 48, 'Vickie Frami', 'Nihil aut repellat quasi minus. Aut quis sit dolorum animi quia. Quo qui non et.', 0, '2019-11-26 04:01:29', '2019-11-26 04:01:29'),
(226, 40, 'Krystina Casper', 'Veritatis asperiores rerum ut fugiat rerum. Porro ut aliquid in voluptas et tempore. Sint reiciendis et velit facere quos distinctio tempore neque. Similique eius quae dolore et illum.', 2, '2019-11-26 04:01:29', '2019-11-26 04:01:29'),
(227, 43, 'Elliot Batz DDS', 'Laborum et doloribus quae vel laudantium. Voluptatum delectus illum incidunt voluptates et natus. Et tempora id velit quibusdam beatae.', 0, '2019-11-26 04:01:29', '2019-11-26 04:01:29'),
(228, 22, 'Alanna Jerde', 'Perferendis et ipsum magnam voluptate natus. Esse necessitatibus error dicta et labore et maiores. Doloremque beatae odio et eum. Unde soluta beatae nam quidem veritatis.', 2, '2019-11-26 04:01:29', '2019-11-26 04:01:29'),
(229, 46, 'Hermina Torphy', 'Debitis et consequatur earum reprehenderit voluptatem tenetur illum. Aliquid praesentium magni ut suscipit unde tempora cupiditate aliquid. Pariatur vero sit enim quibusdam. Magni est cum rerum aut inventore consequuntur amet sit.', 0, '2019-11-26 04:01:29', '2019-11-26 04:01:29'),
(230, 20, 'Tyler Lind II', 'Sunt provident ut qui qui. Culpa fuga voluptatum quae id deleniti eaque quis. Nulla fuga aut ea quas est et accusamus. Nihil molestiae sint totam sit expedita repellendus fugit.', 4, '2019-11-26 04:01:29', '2019-11-26 04:01:29'),
(231, 5, 'Taylor Feeney', 'Consequatur aut ipsum consequuntur et fugit tenetur explicabo. Odio quo nesciunt dolor odit saepe architecto. Rerum non explicabo in magnam et.', 2, '2019-11-26 04:01:29', '2019-11-26 04:01:29'),
(232, 50, 'Noemy Marvin', 'Delectus in eaque commodi nam. Est quo aut dolor iure.', 0, '2019-11-26 04:01:30', '2019-11-26 04:01:30'),
(233, 37, 'Jamal Raynor', 'Rerum voluptas quisquam doloribus magni rerum sunt sed. Ad officia laudantium dolorem quo rerum distinctio praesentium. Facilis nihil commodi exercitationem numquam mollitia. Reprehenderit consequatur iste eum provident.', 4, '2019-11-26 04:01:30', '2019-11-26 04:01:30'),
(234, 50, 'Cleora Hirthe', 'Consequatur sit occaecati similique reprehenderit. Saepe harum beatae commodi quaerat.', 5, '2019-11-26 04:01:30', '2019-11-26 04:01:30'),
(235, 8, 'Grayson Rath', 'Optio cumque ratione quos quisquam. Non eum quae perspiciatis incidunt quia totam molestiae nesciunt. Accusantium deleniti facere vel est et eligendi.', 2, '2019-11-26 04:01:30', '2019-11-26 04:01:30'),
(236, 46, 'Unique Conn', 'Quasi in quidem optio aut beatae accusantium. Optio expedita fugiat assumenda reprehenderit dolorem est.', 1, '2019-11-26 04:01:30', '2019-11-26 04:01:30'),
(237, 26, 'Luna Johnston', 'Rerum quod consequatur ut tenetur. In culpa quia distinctio qui officiis dignissimos deleniti. Et cum veritatis ea et quod error rem.', 0, '2019-11-26 04:01:30', '2019-11-26 04:01:30'),
(238, 24, 'Fabiola Douglas', 'Aliquid occaecati labore animi. Occaecati ullam ut praesentium non animi et.', 5, '2019-11-26 04:01:30', '2019-11-26 04:01:30'),
(239, 39, 'Sheldon West', 'Reprehenderit optio facilis qui ad expedita quam saepe. Animi dolor odit fugiat eos tenetur. Laudantium quas molestiae exercitationem dolore. Sequi labore perferendis vel eveniet iste.', 2, '2019-11-26 04:01:30', '2019-11-26 04:01:30'),
(240, 11, 'Rico Rippin DDS', 'Harum facere doloremque minima beatae at non qui. At deleniti aperiam qui. Mollitia amet in velit sunt sed deserunt quam.', 3, '2019-11-26 04:01:30', '2019-11-26 04:01:30'),
(241, 17, 'Abdullah Bechtelar', 'Aut et laborum saepe et quia reiciendis. Modi est quia error. Nam delectus aut iusto quae ipsam.', 5, '2019-11-26 04:01:30', '2019-11-26 04:01:30'),
(242, 21, 'Prof. Ansel Veum', 'Modi explicabo dolore est dolorem deserunt aut et nostrum. Alias corporis cumque pariatur aperiam. Rerum aut porro dolor minima.', 4, '2019-11-26 04:01:30', '2019-11-26 04:01:30'),
(243, 37, 'Santos Gerhold', 'Esse optio soluta sed quo iusto. Blanditiis in veniam ducimus et totam. Qui aperiam qui voluptatum deleniti aspernatur maiores quae. Nulla ea vel eveniet nisi possimus.', 2, '2019-11-26 04:01:31', '2019-11-26 04:01:31'),
(244, 45, 'Sterling Ferry Jr.', 'Et qui voluptatem hic assumenda recusandae veritatis nulla exercitationem. Rerum vero repudiandae voluptas sint error odit ut eveniet.', 5, '2019-11-26 04:01:31', '2019-11-26 04:01:31'),
(245, 35, 'Arnoldo Collins', 'Ut sint quidem dolor soluta dolore accusantium voluptatem ut. Ducimus sit hic molestiae ut. Et iste omnis dignissimos dolorem quos aliquid.', 5, '2019-11-26 04:01:31', '2019-11-26 04:01:31'),
(246, 41, 'Nyasia McDermott', 'Qui amet tempore qui dignissimos odit. Tempora non itaque sint eveniet maiores. Quia ea quo sint aut sit nihil. Animi ad rerum fugiat hic sit vero ut.', 1, '2019-11-26 04:01:31', '2019-11-26 04:01:31'),
(247, 9, 'Prof. Jose VonRueden', 'Dolore ut maiores ea vel. Dicta praesentium et accusantium repudiandae. Non expedita nemo non vel aperiam impedit.', 3, '2019-11-26 04:01:31', '2019-11-26 04:01:31'),
(248, 39, 'Jamarcus Fritsch', 'Voluptas ut officia qui assumenda quia quisquam sed voluptatem. Quos quibusdam ab omnis ex quod quas. Odio dolorum tempora qui a consequatur totam nihil blanditiis. Assumenda eos quos rem qui exercitationem qui.', 3, '2019-11-26 04:01:31', '2019-11-26 04:01:31'),
(249, 22, 'Alivia Hessel', 'Illo voluptas dolorem hic labore et laboriosam mollitia. Consectetur qui impedit iure rerum sint ducimus ut.', 1, '2019-11-26 04:01:31', '2019-11-26 04:01:31'),
(250, 44, 'Frances Effertz', 'Tempora rerum illum eveniet quasi. Velit illo eveniet ut amet est aliquid et. Modi accusamus sit tempora ipsam dolores sit rem ut.', 2, '2019-11-26 04:01:31', '2019-11-26 04:01:31'),
(251, 42, 'Muriel Heathcote III', 'Saepe et nobis labore. Necessitatibus tempora reiciendis nulla voluptas est. Eos unde quam et autem facere itaque. Omnis consequatur sit voluptas soluta vero suscipit.', 4, '2019-11-26 04:01:31', '2019-11-26 04:01:31'),
(252, 47, 'Miss Rosalind Hackett', 'Autem similique expedita possimus consequatur at. Doloribus voluptas et adipisci similique. Tempora quidem quae temporibus odit id dicta.', 2, '2019-11-26 04:01:31', '2019-11-26 04:01:31'),
(253, 40, 'Collin Collins', 'Soluta magnam porro impedit molestiae est repellat repellat ut. Magnam minus qui veniam officiis id sed eum. Unde et cumque similique inventore magnam. Consequatur itaque sit eveniet alias pariatur dolor.', 1, '2019-11-26 04:01:31', '2019-11-26 04:01:31'),
(254, 23, 'Craig Schuppe', 'Laudantium sunt facere qui est. Et placeat quas sit nihil ut dolor aut inventore. Omnis est vel tempore facilis voluptas voluptatem. Quibusdam odio recusandae vel quos consectetur dolorem non.', 0, '2019-11-26 04:01:31', '2019-11-26 04:01:31'),
(255, 32, 'Cecile Shanahan', 'Fugiat quas dolorem voluptatem facilis commodi. Repellendus qui sit voluptatem fugit repellat necessitatibus ex. Dolorem consequuntur ea et sit. Quod nesciunt magnam debitis est ut optio.', 4, '2019-11-26 04:01:31', '2019-11-26 04:01:31'),
(256, 46, 'Rhiannon Schneider', 'Repudiandae at accusantium consequatur aut doloribus. Rerum necessitatibus dolorem pariatur exercitationem. Dolores sunt sequi non reiciendis.', 0, '2019-11-26 04:01:31', '2019-11-26 04:01:31'),
(257, 47, 'Ashton Auer', 'Itaque quod et et vero nemo repudiandae iure. Quisquam accusantium magni vitae magnam nihil. Placeat voluptatibus illo nihil reprehenderit aut nemo. Magni veritatis suscipit voluptatem.', 1, '2019-11-26 04:01:31', '2019-11-26 04:01:31'),
(258, 30, 'Jamey Emmerich V', 'Ut quaerat quia temporibus harum nobis ea vitae aut. Et consequatur reiciendis et blanditiis qui quo.', 3, '2019-11-26 04:01:31', '2019-11-26 04:01:31'),
(259, 30, 'Emmett Hayes IV', 'Iusto sit corporis aut aliquam. Soluta dolores ut nihil occaecati. Odio modi esse saepe.', 1, '2019-11-26 04:01:31', '2019-11-26 04:01:31'),
(260, 9, 'Winnifred McDermott', 'Atque eligendi soluta vero. Ipsam aliquid ut hic velit assumenda sed. Qui autem non sed sit aperiam. Voluptas ipsum iure esse laboriosam dicta officia.', 5, '2019-11-26 04:01:31', '2019-11-26 04:01:31'),
(261, 29, 'Nikko Mosciski', 'Maxime praesentium aut perspiciatis optio accusamus. Similique nulla mollitia provident earum porro. Illum voluptatem qui molestiae repudiandae et.', 2, '2019-11-26 04:01:31', '2019-11-26 04:01:31'),
(262, 29, 'Soledad McDermott', 'Debitis minima cumque velit quidem architecto quam. Beatae et qui nihil velit fugit eos aperiam quibusdam. Ad dolores pariatur et quo a nostrum est quis.', 3, '2019-11-26 04:01:31', '2019-11-26 04:01:31'),
(263, 32, 'Prof. Lucy Wilderman Sr.', 'Eveniet et iusto officia ad. Nisi molestiae aut accusantium est unde culpa provident.', 1, '2019-11-26 04:01:31', '2019-11-26 04:01:31'),
(264, 14, 'Brandon Block', 'Et voluptatem iste molestias autem quo facere. Ducimus et sit quia. Officiis explicabo repellat inventore adipisci in dolore suscipit. Aut soluta corrupti qui.', 4, '2019-11-26 04:01:32', '2019-11-26 04:01:32'),
(265, 22, 'Dr. Aracely Rutherford', 'Omnis eaque quos placeat fugit assumenda. Enim aspernatur distinctio laborum ipsam.', 1, '2019-11-26 04:01:32', '2019-11-26 04:01:32'),
(266, 1, 'Antone Pacocha', 'Animi ut inventore ducimus veritatis magnam non. Enim beatae neque voluptatem et itaque ut voluptas. Iusto iste consectetur nemo aut. Tempore quia est vel et ratione possimus doloremque ab.', 3, '2019-11-26 04:01:32', '2019-11-26 04:01:32'),
(267, 9, 'Davin Swaniawski', 'Aut vel dolorem molestiae magnam quo consequatur. Recusandae animi aut praesentium hic consequuntur aliquid est accusamus. Nulla exercitationem nemo aut nulla. Voluptates dolorem aut sed non sed.', 5, '2019-11-26 04:01:32', '2019-11-26 04:01:32'),
(268, 12, 'Sandrine Bartell', 'Modi officiis totam occaecati minus nam repellendus quaerat. Ducimus qui vel porro voluptas. Quae pariatur dolores autem eligendi sapiente consectetur. Delectus autem omnis voluptatem quia.', 4, '2019-11-26 04:01:32', '2019-11-26 04:01:32'),
(269, 12, 'Amani Eichmann', 'Enim voluptate non qui rerum sed. Beatae adipisci pariatur dolor. Rerum doloremque similique aut ipsum ducimus facere voluptas.', 5, '2019-11-26 04:01:32', '2019-11-26 04:01:32'),
(270, 17, 'Cielo Spencer', 'Aut quae architecto assumenda cum. Placeat excepturi debitis provident amet quasi in cumque. Quia explicabo voluptatibus mollitia dolorum quam sequi. Quod sed corrupti sed eum veritatis quis ex. Iusto quasi impedit aperiam ex et.', 1, '2019-11-26 04:01:32', '2019-11-26 04:01:32'),
(271, 8, 'Tatyana Walsh', 'Iste est iusto cupiditate repellendus laboriosam repudiandae dolor. Aperiam ut quam est consectetur iusto qui ullam. Repellat consequatur numquam aut ipsa et quasi quas.', 3, '2019-11-26 04:01:32', '2019-11-26 04:01:32'),
(272, 29, 'Eryn Prohaska', 'Recusandae quibusdam cumque numquam ratione. At omnis quaerat exercitationem alias. Cumque ex facere consequuntur omnis sunt velit quia.', 5, '2019-11-26 04:01:32', '2019-11-26 04:01:32'),
(273, 36, 'Marjolaine Skiles', 'Quo et dolor aliquam est quo reprehenderit. Suscipit facilis a magnam. Hic et vel deserunt possimus repellendus sunt vitae.', 1, '2019-11-26 04:01:32', '2019-11-26 04:01:32'),
(274, 10, 'Danny Murray', 'Necessitatibus perferendis qui similique autem. Accusantium soluta non itaque facere. Quia occaecati vel veritatis doloremque.', 4, '2019-11-26 04:01:32', '2019-11-26 04:01:32'),
(275, 36, 'Ms. Odie Daniel DDS', 'Rerum voluptatibus fugit perspiciatis dignissimos iste aliquam. Doloribus sed harum rem nihil. Alias rerum maxime error possimus adipisci velit quis.', 5, '2019-11-26 04:01:32', '2019-11-26 04:01:32'),
(276, 20, 'Donna Kemmer', 'Qui impedit velit et doloribus ab est. Veritatis maxime error magnam quo molestiae debitis ab. Nisi blanditiis cumque maiores soluta et. Similique id voluptas necessitatibus qui nobis ut optio.', 0, '2019-11-26 04:01:32', '2019-11-26 04:01:32'),
(277, 38, 'Jamar Cronin', 'Error nesciunt minima voluptatem ut reprehenderit. Ut atque et eos sint odit labore tempora. Provident amet magnam ipsa ullam aliquid officia. Ut est et recusandae et rerum facere.', 2, '2019-11-26 04:01:32', '2019-11-26 04:01:32'),
(278, 7, 'Ciara Fisher', 'Amet doloribus neque deleniti voluptatum. Rerum hic aut dolore quo ut voluptas. Voluptatibus voluptas et ratione dolores occaecati maiores. Nostrum molestias quis dolores quia sunt.', 5, '2019-11-26 04:01:32', '2019-11-26 04:01:32'),
(279, 2, 'Hermann Padberg III', 'Ratione quis dolores itaque recusandae labore. Quis cupiditate quaerat tenetur repellendus. Saepe debitis est aperiam eos.', 3, '2019-11-26 04:01:32', '2019-11-26 04:01:32'),
(280, 39, 'Alfonzo Baumbach', 'Consectetur corporis enim repellendus provident nesciunt dolores iusto voluptas. Doloremque et autem qui vero. Eos ipsum sed eligendi. Inventore voluptas consequatur aut voluptatem consequatur.', 1, '2019-11-26 04:01:32', '2019-11-26 04:01:32'),
(281, 23, 'Prof. Cooper Smith DVM', 'Est nesciunt quod modi voluptas in. Nostrum dolorum iste eligendi illo nostrum. Autem molestiae ipsum repellendus animi sit eveniet sunt nam. Possimus itaque explicabo quidem corporis fugiat.', 3, '2019-11-26 04:01:32', '2019-11-26 04:01:32'),
(282, 46, 'Abby McClure', 'Aut iusto architecto aut voluptatem porro. Quaerat enim aspernatur fuga laborum et. Corrupti enim et ut velit reiciendis sed.', 4, '2019-11-26 04:01:32', '2019-11-26 04:01:32'),
(283, 26, 'Corine Vandervort Jr.', 'Voluptatem exercitationem qui minus incidunt nesciunt. Possimus maiores voluptas odit totam quibusdam omnis accusamus. Ipsa blanditiis voluptas beatae blanditiis eius molestiae et. Deserunt autem dolore repellendus commodi qui quidem harum.', 2, '2019-11-26 04:01:32', '2019-11-26 04:01:32'),
(284, 24, 'Casimir Rau', 'Occaecati quibusdam debitis nobis illo. Dolore cum tempore blanditiis nesciunt. Inventore laudantium odio cumque.', 4, '2019-11-26 04:01:32', '2019-11-26 04:01:32'),
(285, 14, 'Shaylee Schneider', 'Eius assumenda exercitationem dolores quidem omnis atque voluptatem vero. Praesentium cumque beatae sunt laborum placeat odit quia. Explicabo voluptatum accusamus ratione voluptatibus ipsa ut voluptatem enim. Enim sit praesentium nemo tempore. Accusantium eius ut repudiandae ullam voluptatum aut corporis odio.', 1, '2019-11-26 04:01:33', '2019-11-26 04:01:33'),
(286, 14, 'Hanna Marks', 'Aut qui labore id autem in corrupti. Aut labore eum ea et et occaecati et. Expedita iste ut similique similique qui. Qui consequatur sequi occaecati repudiandae nihil eum rerum.', 1, '2019-11-26 04:01:33', '2019-11-26 04:01:33'),
(287, 17, 'Trinity Herzog', 'Quia magni ratione explicabo. Rem omnis earum porro consectetur quasi id repellat. Dicta repellat consequatur quia enim.', 2, '2019-11-26 04:01:33', '2019-11-26 04:01:33'),
(288, 25, 'Bryce Parisian III', 'Nihil quae quas autem labore facere omnis aperiam. Accusantium ratione hic aut quia. Doloribus amet et qui qui nobis. Ullam in voluptates eos debitis quod et.', 3, '2019-11-26 04:01:33', '2019-11-26 04:01:33'),
(289, 4, 'Mr. Christian Tromp DVM', 'Amet nihil ut rerum. Tenetur quo et aut fugit ratione cumque.', 5, '2019-11-26 04:01:33', '2019-11-26 04:01:33'),
(290, 10, 'Salvador Ernser', 'Est possimus assumenda commodi id maxime laboriosam aliquam. Cumque dolor sunt nobis provident. Possimus mollitia quo non voluptatem officiis ea et.', 5, '2019-11-26 04:01:33', '2019-11-26 04:01:33'),
(291, 27, 'Dr. Isidro Murphy III', 'Porro deserunt eos maxime perspiciatis voluptates rerum at voluptate. Occaecati cupiditate qui debitis quaerat. Rem voluptatem et in illo. Dolor sit quisquam porro cum.', 2, '2019-11-26 04:01:33', '2019-11-26 04:01:33'),
(292, 34, 'Sasha Rohan', 'Ipsum dolorum earum voluptatum et deserunt rerum voluptates. Molestias debitis possimus velit et molestiae tempora nam laudantium. Qui ut perspiciatis quasi deleniti voluptatem. Consequatur ad iure voluptatem blanditiis natus id sed. Qui harum placeat esse nihil reprehenderit sit.', 5, '2019-11-26 04:01:33', '2019-11-26 04:01:33'),
(293, 31, 'Miss Loraine Larson I', 'Et autem maiores suscipit suscipit. Similique dicta illum recusandae commodi est optio. Perferendis nam aut est et qui. Quia numquam commodi omnis et odio est.', 3, '2019-11-26 04:01:33', '2019-11-26 04:01:33'),
(294, 44, 'Nikki Trantow', 'Architecto deserunt et sint cum pariatur in. Enim in laboriosam debitis unde reiciendis. Adipisci cupiditate voluptatem voluptatum ipsum. Vero explicabo quis autem aperiam delectus iure.', 1, '2019-11-26 04:01:33', '2019-11-26 04:01:33'),
(295, 5, 'Nova Kuhn', 'Eaque cumque ut eveniet sed et autem vitae veritatis. Et placeat aut commodi. Provident voluptatibus ea autem amet. Quod eos incidunt aliquam voluptate officia doloremque.', 3, '2019-11-26 04:01:33', '2019-11-26 04:01:33'),
(296, 12, 'Mr. Terrell Carter IV', 'Vel deleniti alias quia ex quia autem repudiandae. Consequuntur aut voluptatum delectus ut non. Placeat sed facilis id ducimus officia quam sint.', 1, '2019-11-26 04:01:33', '2019-11-26 04:01:33'),
(297, 3, 'Dr. Holden Schuster', 'Error ab ad et velit sint et. At debitis et hic officiis. Et perspiciatis blanditiis esse explicabo in atque.', 2, '2019-11-26 04:01:33', '2019-11-26 04:01:33'),
(298, 10, 'Trinity O\'Kon', 'Rem eos aut error et deserunt. Sunt sint dolore amet voluptatem mollitia voluptas labore. Tenetur est eos quisquam doloribus quisquam porro.', 1, '2019-11-26 04:01:33', '2019-11-26 04:01:33'),
(299, 4, 'Ila Mills', 'Rerum beatae ut tempora inventore. Dicta dolorem quidem ut ipsum. Fuga et voluptas praesentium autem odio.', 3, '2019-11-26 04:01:33', '2019-11-26 04:01:33'),
(300, 38, 'Alva White', 'Omnis maiores distinctio impedit vel ut deleniti et. Nemo impedit repudiandae distinctio ut expedita totam in doloremque. Quae voluptatum exercitationem quod dolor molestiae. Nobis asperiores optio facilis incidunt adipisci quos atque.', 4, '2019-11-26 04:01:33', '2019-11-26 04:01:33');

-- --------------------------------------------------------

--
-- Table structure for table `users`
--

CREATE TABLE `users` (
  `id` bigint(20) UNSIGNED NOT NULL,
  `name` varchar(255) COLLATE utf8mb4_unicode_ci NOT NULL,
  `email` varchar(255) COLLATE utf8mb4_unicode_ci NOT NULL,
  `email_verified_at` timestamp NULL DEFAULT NULL,
  `password` varchar(255) COLLATE utf8mb4_unicode_ci NOT NULL,
  `remember_token` varchar(100) COLLATE utf8mb4_unicode_ci DEFAULT NULL,
  `created_at` timestamp NULL DEFAULT NULL,
  `updated_at` timestamp NULL DEFAULT NULL
) ENGINE=InnoDB DEFAULT CHARSET=utf8mb4 COLLATE=utf8mb4_unicode_ci;

--
-- Dumping data for table `users`
--

INSERT INTO `users` (`id`, `name`, `email`, `email_verified_at`, `password`, `remember_token`, `created_at`, `updated_at`) VALUES
(1, 'Iftikhar', 'iftikhar@sixlogs.com', NULL, '$2y$10$z64K9FRxvF9gcJJLKi2HKO6hcVlUKTdEYQbDnHgxgtZM3PVszWxNa', NULL, '2019-11-26 07:01:17', '2019-11-26 07:01:17');

--
-- Indexes for dumped tables
--

--
-- Indexes for table `failed_jobs`
--
ALTER TABLE `failed_jobs`
  ADD PRIMARY KEY (`id`);

--
-- Indexes for table `migrations`
--
ALTER TABLE `migrations`
  ADD PRIMARY KEY (`id`);

--
-- Indexes for table `oauth_access_tokens`
--
ALTER TABLE `oauth_access_tokens`
  ADD PRIMARY KEY (`id`),
  ADD KEY `oauth_access_tokens_user_id_index` (`user_id`);

--
-- Indexes for table `oauth_auth_codes`
--
ALTER TABLE `oauth_auth_codes`
  ADD PRIMARY KEY (`id`);

--
-- Indexes for table `oauth_clients`
--
ALTER TABLE `oauth_clients`
  ADD PRIMARY KEY (`id`),
  ADD KEY `oauth_clients_user_id_index` (`user_id`);

--
-- Indexes for table `oauth_personal_access_clients`
--
ALTER TABLE `oauth_personal_access_clients`
  ADD PRIMARY KEY (`id`),
  ADD KEY `oauth_personal_access_clients_client_id_index` (`client_id`);

--
-- Indexes for table `oauth_refresh_tokens`
--
ALTER TABLE `oauth_refresh_tokens`
  ADD PRIMARY KEY (`id`),
  ADD KEY `oauth_refresh_tokens_access_token_id_index` (`access_token_id`);

--
-- Indexes for table `password_resets`
--
ALTER TABLE `password_resets`
  ADD KEY `password_resets_email_index` (`email`);

--
-- Indexes for table `products`
--
ALTER TABLE `products`
  ADD PRIMARY KEY (`id`);

--
-- Indexes for table `reviews`
--
ALTER TABLE `reviews`
  ADD PRIMARY KEY (`id`),
  ADD KEY `reviews_product_id_index` (`product_id`);

--
-- Indexes for table `users`
--
ALTER TABLE `users`
  ADD PRIMARY KEY (`id`),
  ADD UNIQUE KEY `users_email_unique` (`email`);

--
-- AUTO_INCREMENT for dumped tables
--

--
-- AUTO_INCREMENT for table `failed_jobs`
--
ALTER TABLE `failed_jobs`
  MODIFY `id` bigint(20) UNSIGNED NOT NULL AUTO_INCREMENT;

--
-- AUTO_INCREMENT for table `migrations`
--
ALTER TABLE `migrations`
  MODIFY `id` int(10) UNSIGNED NOT NULL AUTO_INCREMENT, AUTO_INCREMENT=11;

--
-- AUTO_INCREMENT for table `oauth_clients`
--
ALTER TABLE `oauth_clients`
  MODIFY `id` int(10) UNSIGNED NOT NULL AUTO_INCREMENT, AUTO_INCREMENT=3;

--
-- AUTO_INCREMENT for table `oauth_personal_access_clients`
--
ALTER TABLE `oauth_personal_access_clients`
  MODIFY `id` int(10) UNSIGNED NOT NULL AUTO_INCREMENT, AUTO_INCREMENT=2;

--
-- AUTO_INCREMENT for table `products`
--
ALTER TABLE `products`
  MODIFY `id` int(10) UNSIGNED NOT NULL AUTO_INCREMENT, AUTO_INCREMENT=53;

--
-- AUTO_INCREMENT for table `reviews`
--
ALTER TABLE `reviews`
  MODIFY `id` int(10) UNSIGNED NOT NULL AUTO_INCREMENT, AUTO_INCREMENT=301;

--
-- AUTO_INCREMENT for table `users`
--
ALTER TABLE `users`
  MODIFY `id` bigint(20) UNSIGNED NOT NULL AUTO_INCREMENT, AUTO_INCREMENT=2;

--
-- Constraints for dumped tables
--

--
-- Constraints for table `reviews`
--
ALTER TABLE `reviews`
  ADD CONSTRAINT `reviews_product_id_foreign` FOREIGN KEY (`product_id`) REFERENCES `products` (`id`) ON DELETE CASCADE;
COMMIT;

/*!40101 SET CHARACTER_SET_CLIENT=@OLD_CHARACTER_SET_CLIENT */;
/*!40101 SET CHARACTER_SET_RESULTS=@OLD_CHARACTER_SET_RESULTS */;
/*!40101 SET COLLATION_CONNECTION=@OLD_COLLATION_CONNECTION */;
